date,title,year,rating,rewatch,liked,reviewed,url,reviewUrl,slug,filmUid,lid
2026-08-29,"Dude, Where's My Car?",2000,3.5,1,0,0,https://letterboxd.com/nichtlegacy/film/dude-wheres-my-car/3/,,dude-wheres-my-car,film:47562,1ZJi
2026-08-28,Don't Be a Menace to South Central While Drinking Your Juice in the Hood,1996,3,1,0,0,https://letterboxd.com/nichtlegacy/film/dont-be-a-menace-to-south-central-while-drinking-your-juice-in-the-hood/1/,,dont-be-a-menace-to-south-central-while-drinking-your-juice-in-the-hood,film:46067,1VQa
2026-08-20,Obsession,2025,4,0,0,0,https://letterboxd.com/nichtlegacy/film/obsession-2025/,,obsession-2025,film:1234472,PNqo
2026-08-15,Minions & Monsters,2026,3,0,0,0,https://letterboxd.com/nichtlegacy/film/minions-monsters-2026/,,minions-monsters-2026,film:1196808,Odry
2026-08-09,The Ministry of Ungentlemanly Warfare,2024,3,0,0,0,https://letterboxd.com/nichtlegacy/film/the-ministry-of-ungentlemanly-warfare/,,the-ministry-of-ungentlemanly-warfare,film:717126,u5zu
2026-08-07,Entergalactic,2022,3,0,0,0,https://letterboxd.com/nichtlegacy/film/entergalactic/,,entergalactic,film:925555,CPN4
2026-07-30,Spider-Man: Brand New Day,2026,4,0,1,0,https://letterboxd.com/nichtlegacy/film/spider-man-brand-new-day/,,spider-man-brand-new-day,film:872871,ACJE
2026-07-28,Masters of the Universe,2026,3,0,0,0,https://letterboxd.com/nichtlegacy/film/masters-of-the-universe-2026/17/,,masters-of-the-universe-2026,film:386613,gdKW
2026-07-25,How to Make a Killing,2026,3,0,0,0,https://letterboxd.com/nichtlegacy/film/how-to-make-a-killing-2026/,,how-to-make-a-killing-2026,film:399504,gLi8
2026-07-24,Never Goin' Back,2018,3,0,0,0,https://letterboxd.com/nichtlegacy/film/never-goin-back/,,never-goin-back,film:420473,hDQe
2026-07-21,The Odyssey,2026,4.5,0,1,0,https://letterboxd.com/nichtlegacy/film/the-odyssey-2026/,,the-odyssey-2026,film:1255394,QFQU
2026-07-19,Jay and Silent Bob Strike Back,2001,3.5,1,0,0,https://letterboxd.com/nichtlegacy/film/jay-and-silent-bob-strike-back/2/,,jay-and-silent-bob-strike-back,film:50355,26ZM
2026-07-19,Minions,2015,3.5,0,0,0,https://letterboxd.com/nichtlegacy/film/minions/,,minions,film:150541,6jCO
2026-07-19,Minions: The Rise of Gru,2022,3,0,0,0,https://letterboxd.com/nichtlegacy/film/minions-the-rise-of-gru/,,minions-the-rise-of-gru,film:371005,fz9w
2026-07-17,What We Do in the Shadows,2014,3,0,0,0,https://letterboxd.com/nichtlegacy/film/what-we-do-in-the-shadows/,,what-we-do-in-the-shadows,film:172537,7eQy
2026-07-15,Scouts Guide to the Zombie Apocalypse,2015,2.5,0,0,0,https://letterboxd.com/nichtlegacy/film/scouts-guide-to-the-zombie-apocalypse/,,scouts-guide-to-the-zombie-apocalypse,film:197624,8i6Q
2026-07-14,High School,2010,4,1,0,0,https://letterboxd.com/nichtlegacy/film/high-school-2010/2/,,high-school-2010,film:34391,1rsW
2026-07-13,Half Baked,1998,4.5,1,0,0,https://letterboxd.com/nichtlegacy/film/half-baked/5/,,half-baked,film:47108,1Yy4
2026-06-28,Ghost World,2001,2.5,0,0,0,https://letterboxd.com/nichtlegacy/film/ghost-world/,,ghost-world,film:50986,28Dy
2026-06-21,Nirvanna the Band the Show the Movie,2025,4,1,0,0,https://letterboxd.com/nichtlegacy/film/nirvanna-the-band-the-show-the-movie/2/,,nirvanna-the-band-the-show-the-movie,film:1041012,HG9a
2026-06-19,Ted 2,2015,3.5,1,0,0,https://letterboxd.com/nichtlegacy/film/ted-2/1/,,ted-2,film:152464,6oCY
2026-06-03,Scary Movie,2026,3,0,0,0,https://letterboxd.com/nichtlegacy/film/scary-movie-2026/,,scary-movie-2026,film:1156910,MxEo
2026-05-30,Bottoms,2023,2.5,0,0,0,https://letterboxd.com/nichtlegacy/film/bottoms/,,bottoms,film:731222,uGf2
2026-05-22,It's What's Inside,2024,4,0,0,0,https://letterboxd.com/nichtlegacy/film/its-whats-inside/,,its-whats-inside,film:949053,DOV4
2026-05-15,Project Hail Mary,2026,4.5,0,1,0,https://letterboxd.com/nichtlegacy/film/project-hail-mary/,,project-hail-mary,film:611288,pEeQ
2026-05-08,Man on the Moon,1999,4,1,0,0,https://letterboxd.com/nichtlegacy/film/man-on-the-moon/1/,,man-on-the-moon,film:50749,281k
2026-05-04,Star Wars,1977,4.5,1,1,0,https://letterboxd.com/nichtlegacy/film/star-wars/2/,,star-wars,film:2706,72s
2026-05-03,Man on the Moon,1999,4,0,0,0,https://letterboxd.com/nichtlegacy/film/man-on-the-moon/,,man-on-the-moon,film:50749,281k
2026-04-27,Wild Tales,2014,3,0,0,0,https://letterboxd.com/nichtlegacy/film/wild-tales/,,wild-tales,film:188497,7UmK
2026-04-26,Jojo Rabbit,2019,3,0,0,0,https://letterboxd.com/nichtlegacy/film/jojo-rabbit/,,jojo-rabbit,film:444600,iEBG
2026-04-24,Futurama: Bender's Big Score,2007,3,0,0,0,https://letterboxd.com/nichtlegacy/film/futurama-benders-big-score/,,futurama-benders-big-score,film:48087,215Y
2026-04-22,Roommates,2026,3.5,0,0,0,https://letterboxd.com/nichtlegacy/film/roommates-2026/,,roommates-2026,film:1387237,WcPU
2026-04-20,Hoppers,2026,3.5,0,0,0,https://letterboxd.com/nichtlegacy/film/hoppers/,,hoppers,film:1207557,OFpg
2026-04-18,Swiss Army Man,2016,3.5,0,0,0,https://letterboxd.com/nichtlegacy/film/swiss-army-man/,,swiss-army-man,film:277413,bDG2
2026-04-18,The Banker,2020,3,0,0,0,https://letterboxd.com/nichtlegacy/film/the-banker-2020/,,the-banker-2020,film:554135,nfyC
2026-04-17,Step Brothers,2008,3,0,0,0,https://letterboxd.com/nichtlegacy/film/step-brothers/,,step-brothers,film:44768,1SsE
2026-04-12,Ted,2012,4,1,0,0,https://letterboxd.com/nichtlegacy/film/ted/2/,,ted,film:57376,2pgc
2026-04-06,Memento,2000,3.5,0,0,0,https://letterboxd.com/nichtlegacy/film/memento/,,memento,film:51973,2bcK
2026-04-05,Taxi Driver,1976,3,0,0,0,https://letterboxd.com/nichtlegacy/film/taxi-driver/,,taxi-driver,film:51947,2b8y
2026-04-05,Nirvanna the Band the Show the Movie,2025,4,1,0,0,https://letterboxd.com/nichtlegacy/film/nirvanna-the-band-the-show-the-movie/1/,,nirvanna-the-band-the-show-the-movie,film:1041012,HG9a
2026-04-05,Inglourious Basterds,2009,4,1,1,0,https://letterboxd.com/nichtlegacy/film/inglourious-basterds/,,inglourious-basterds,film:41352,1JzG
2026-04-02,Mystery Team,2009,3.5,0,0,0,https://letterboxd.com/nichtlegacy/film/mystery-team/,,mystery-team,film:26446,16Nu
2026-04-02,"Me, Myself & Irene",2000,3.5,0,0,0,https://letterboxd.com/nichtlegacy/film/me-myself-irene/,,me-myself-irene,film:50505,27nY
2026-04-01,Pokémon 3: The Movie,2000,2.5,0,0,0,https://letterboxd.com/nichtlegacy/film/pokemon-3-the-movie/,,pokemon-3-the-movie,film:45710,1UUA
2026-04-01,Pokémon the Movie 2000,1999,3,0,0,0,https://letterboxd.com/nichtlegacy/film/pokemon-the-movie-2000/,,pokemon-the-movie-2000,film:44441,1RBU
2026-04-01,The Super Mario Galaxy Movie,2026,2.5,0,0,0,https://letterboxd.com/nichtlegacy/film/the-super-mario-galaxy-movie/,,the-super-mario-galaxy-movie,film:1110080,KzPa
2026-03-31,Donnie Darko,2001,4,1,1,0,https://letterboxd.com/nichtlegacy/film/donnie-darko/1/,,donnie-darko,film:51910,2b2A
2026-03-31,Jackass 3D,2010,2.5,0,0,0,https://letterboxd.com/nichtlegacy/film/jackass-3d/,,jackass-3d,film:41675,1KpM
2026-03-31,Sorry to Bother You,2018,3.5,0,0,0,https://letterboxd.com/nichtlegacy/film/sorry-to-bother-you/,,sorry-to-bother-you,film:358271,f21E
2026-03-30,Shriek If You Know What I Did Last Friday the Thirteenth,2000,2,0,0,0,https://letterboxd.com/nichtlegacy/film/shriek-if-you-know-what-i-did-last-friday-the-thirteenth/,,shriek-if-you-know-what-i-did-last-friday-the-thirteenth,film:49461,24FA
2026-03-29,Human Traffic,1999,3,0,0,0,https://letterboxd.com/nichtlegacy/film/human-traffic/1/,,human-traffic,film:45577,1Uz8
2026-03-29,Zootopia 2,2025,3.5,0,0,0,https://letterboxd.com/nichtlegacy/film/zootopia-2/1/,,zootopia-2,film:977342,F0vO
2026-03-28,Nirvanna the Band the Show the Movie,2025,4,0,0,0,https://letterboxd.com/nichtlegacy/film/nirvanna-the-band-the-show-the-movie/,,nirvanna-the-band-the-show-the-movie,film:1041012,HG9a
2026-03-25,Peaky Blinders: The Immortal Man,2026,3.5,0,0,0,https://letterboxd.com/nichtlegacy/film/peaky-blinders-the-immortal-man/,,peaky-blinders-the-immortal-man,film:787849,x3yq
2026-03-20,Fun with Dick and Jane,2005,3,0,0,0,https://letterboxd.com/nichtlegacy/film/fun-with-dick-and-jane-1996/,,fun-with-dick-and-jane-1996,film:47986,20PG
2026-03-18,Mercy,2026,3,0,0,0,https://letterboxd.com/nichtlegacy/film/mercy-2026/,,mercy-2026,film:1119565,KYv0
2026-03-14,Scary Movie,2000,4,1,1,0,https://letterboxd.com/nichtlegacy/film/scary-movie-2000/2/,,scary-movie-2000,film:49443,24CG
2026-02-28,Scott Pilgrim vs. the World,2010,3.5,0,0,0,https://letterboxd.com/nichtlegacy/film/scott-pilgrim-vs-the-world/,,scott-pilgrim-vs-the-world,film:37833,1Aq6
2026-02-21,Menace II Society,1993,3.5,0,0,0,https://letterboxd.com/nichtlegacy/film/menace-ii-society/,,menace-ii-society,film:47084,1Yuc
2026-02-20,Marty Supreme,2025,4,0,0,0,https://letterboxd.com/nichtlegacy/film/marty-supreme/,,marty-supreme,film:1197499,Off0
2026-02-13,The Housemaid,2025,3,0,0,0,https://letterboxd.com/nichtlegacy/film/the-housemaid-2025/,,the-housemaid-2025,film:1255319,QFEO
2026-02-07,Bill & Ted's Bogus Journey,1991,2.5,1,0,0,https://letterboxd.com/nichtlegacy/film/bill-teds-bogus-journey/1/,,bill-teds-bogus-journey,film:50893,28oy
2026-02-05,The Shadow's Edge,2025,2.5,0,0,0,https://letterboxd.com/nichtlegacy/film/the-shadows-edge-2025/,,the-shadows-edge-2025,film:1299958,SxME
2026-01-24,Election,1999,3,0,0,0,https://letterboxd.com/nichtlegacy/film/election/,,election,film:47146,1YEc
2026-01-24,The SpongeBob Movie: Search for SquarePants,2025,4,0,0,0,https://letterboxd.com/nichtlegacy/film/the-spongebob-movie-search-for-squarepants/,,the-spongebob-movie-search-for-squarepants,film:892884,BsNy
2026-01-22,Once Upon a Time... in Hollywood,2019,4,0,0,0,https://letterboxd.com/nichtlegacy/film/once-upon-a-time-in-hollywood/,,once-upon-a-time-in-hollywood,film:397859,gH0O
2026-01-19,BlackBerry,2023,3.5,0,0,0,https://letterboxd.com/nichtlegacy/film/blackberry-2023/,,blackberry-2023,film:915230,CoVK
2026-01-17,BASEketball,1998,3.5,0,0,0,https://letterboxd.com/nichtlegacy/film/baseketball/,,baseketball,film:43409,1OVs
2026-01-14,Ferris Bueller's Day Off,1986,4,1,0,0,https://letterboxd.com/nichtlegacy/film/ferris-buellers-day-off/1/,,ferris-buellers-day-off,film:47219,1YPY
2026-01-12,Five Nights at Freddy's 2,2025,2.5,0,0,0,https://letterboxd.com/nichtlegacy/film/five-nights-at-freddys-2/,,five-nights-at-freddys-2,film:1111883,KEvY
2026-01-12,KPop Demon Hunters,2025,3.5,0,0,0,https://letterboxd.com/nichtlegacy/film/kpop-demon-hunters/,,kpop-demon-hunters,film:720953,ufwK
2026-01-10,Small Soldiers,1998,3.5,0,0,0,https://letterboxd.com/nichtlegacy/film/small-soldiers/,,small-soldiers,film:45197,1TzQ
2026-01-09,The Wedding Singer,1998,3,0,0,0,https://letterboxd.com/nichtlegacy/film/the-wedding-singer/,,the-wedding-singer,film:45699,1USO
2026-01-08,Crazy,2000,2.5,0,0,0,https://letterboxd.com/nichtlegacy/film/crazy/,,crazy,film:47220,1YQ8
2026-01-04,Go,1999,3.5,0,0,0,https://letterboxd.com/nichtlegacy/film/go/,,go,film:47167,1YHA
2026-01-03,Kung Fu Hustle,2004,3.5,0,0,0,https://letterboxd.com/nichtlegacy/film/kung-fu-hustle/,,kung-fu-hustle,film:47128,1YBi
2026-01-03,Good Fortune,2025,3.5,0,0,0,https://letterboxd.com/nichtlegacy/film/good-fortune-2025/,,good-fortune-2025,film:1005018,GavG
2026-01-03,10 Things I Hate About You,1999,4,0,0,0,https://letterboxd.com/nichtlegacy/film/10-things-i-hate-about-you/1/,,10-things-i-hate-about-you,film:49047,23AO
2026-01-02,Ants in the Pants 2,2002,2.5,0,0,0,https://letterboxd.com/nichtlegacy/film/ants-in-the-pants-2/,,ants-in-the-pants-2,film:47028,1Yla
2026-01-01,Ants in the Pants,2000,3,0,0,0,https://letterboxd.com/nichtlegacy/film/ants-in-the-pants/,,ants-in-the-pants,film:47120,1YA0
2026-01-01,Holmes & Watson,2018,2.5,0,0,0,https://letterboxd.com/nichtlegacy/film/holmes-watson/,,holmes-watson,film:359983,f6tM
2025-12-30,Soloalbum,2003,2.5,0,0,0,https://letterboxd.com/nichtlegacy/film/soloalbum/,,soloalbum,film:47297,1Z2y
2025-12-29,No More School,2000,4,0,0,0,https://letterboxd.com/nichtlegacy/film/no-more-school/,,no-more-school,film:47035,1Ymi
2025-12-29,David Holmes: The Boy Who Lived,2023,4,0,0,0,https://letterboxd.com/nichtlegacy/film/david-holmes-the-boy-who-lived/,,david-holmes-the-boy-who-lived,film:1076653,JaRI
2025-12-28,Mardi Gras: Spring Break,2011,2.5,1,0,0,https://letterboxd.com/nichtlegacy/film/mardi-gras-spring-break/1/,,mardi-gras-spring-break,film:8015,kQK
2025-12-27,Rat Race,2001,3.5,0,0,0,https://letterboxd.com/nichtlegacy/film/rat-race/,,rat-race,film:46738,1XAo
2025-12-26,Dinner for Schmucks,2010,3.5,0,0,0,https://letterboxd.com/nichtlegacy/film/dinner-for-schmucks/,,dinner-for-schmucks,film:25839,15dA
2025-12-25,Now You See Me: Now You Don't,2025,3,0,0,0,https://letterboxd.com/nichtlegacy/film/now-you-see-me-now-you-dont-2025/,,now-you-see-me-now-you-dont-2025,film:358757,f3i2
2025-12-24,Mardi Gras: Spring Break,2011,2.5,0,0,0,https://letterboxd.com/nichtlegacy/film/mardi-gras-spring-break/,,mardi-gras-spring-break,film:8015,kQK
2025-12-24,The Royal Tenenbaums,2001,3.5,0,0,0,https://letterboxd.com/nichtlegacy/film/the-royal-tenenbaums/,,the-royal-tenenbaums,film:47169,1YHU
2025-12-23,Scary Movie,2000,3.5,1,0,0,https://letterboxd.com/nichtlegacy/film/scary-movie-2000/1/,,scary-movie-2000,film:49443,24CG
2025-12-22,American Beauty,1999,3.5,0,0,0,https://letterboxd.com/nichtlegacy/film/american-beauty/,,american-beauty,film:2703,71Y
2025-12-21,The Secret Life of Walter Mitty,2013,3,0,0,0,https://letterboxd.com/nichtlegacy/film/the-secret-life-of-walter-mitty-2013/,,the-secret-life-of-walter-mitty-2013,film:92619,3SWy
2025-12-20,High Fidelity,2000,3.5,0,0,0,https://letterboxd.com/nichtlegacy/film/high-fidelity/,,high-fidelity,film:51813,2aMW
2025-12-14,The Running Man,2025,4,0,0,0,https://letterboxd.com/nichtlegacy/film/the-running-man-2025/,,the-running-man-2025,film:716178,u36A
2025-12-12,National Lampoon Presents Dorm Daze,2003,2.5,0,0,0,https://letterboxd.com/nichtlegacy/film/national-lampoon-presents-dorm-daze/,,national-lampoon-presents-dorm-daze,film:40576,1Hyw
2025-12-11,Deuce Bigalow: European Gigolo,2005,2.5,1,0,0,https://letterboxd.com/nichtlegacy/film/deuce-bigalow-european-gigolo/1/,,deuce-bigalow-european-gigolo,film:45289,1TOG
2025-12-06,It's a Very Merry Muppet Christmas Movie,2002,3,0,0,0,https://letterboxd.com/nichtlegacy/film/its-a-very-merry-muppet-christmas-movie/,,its-a-very-merry-muppet-christmas-movie,film:43962,1QmE
2025-12-05,The Night Before,2015,3,1,0,0,https://letterboxd.com/nichtlegacy/film/the-night-before-2015/,,the-night-before-2015,film:223398,9n9W
2025-12-05,Friday After Next,2002,3,0,0,0,https://letterboxd.com/nichtlegacy/film/friday-after-next/,,friday-after-next,film:46241,1Wie
2025-12-04,Elf,2003,2.5,0,0,0,https://letterboxd.com/nichtlegacy/film/elf/,,elf,film:45959,1VyK
2025-12-04,Roofman,2025,3.5,0,0,0,https://letterboxd.com/nichtlegacy/film/roofman/,,roofman,film:1125033,LcIW
2025-11-29,The Big Lebowski,1998,4.5,1,0,0,https://letterboxd.com/nichtlegacy/film/the-big-lebowski/5/,,the-big-lebowski,film:51935,2b6C
2025-11-28,Bad Santa,2003,3,1,0,0,https://letterboxd.com/nichtlegacy/film/bad-santa/1/,,bad-santa,film:46502,1WYk
2025-11-28,Half Baked,1998,4.5,1,0,0,https://letterboxd.com/nichtlegacy/film/half-baked/4/,,half-baked,film:47108,1Yy4
2025-11-27,"The Tunnel to Summer, the Exit of Goodbyes",2022,3.5,0,0,0,https://letterboxd.com/nichtlegacy/film/the-tunnel-to-summer-the-exit-of-goodbyes/,,the-tunnel-to-summer-the-exit-of-goodbyes,film:822472,yvCM
2025-11-22,Undercover Brother,2002,2.5,0,0,0,https://letterboxd.com/nichtlegacy/film/undercover-brother/,,undercover-brother,film:44639,1S7Q
2025-11-18,Borat Subsequent Moviefilm: Delivery of Prodigious Bribe to American Regime for Make Benefit Once Glorious Nation of Kazakhstan,2020,2.5,0,0,0,https://letterboxd.com/nichtlegacy/film/borat-subsequent-moviefilm-delivery-of-prodigious/,,borat-subsequent-moviefilm-delivery-of-prodigious,film:662656,rNS0
2025-11-17,Grave of the Fireflies,1988,3.5,0,0,0,https://letterboxd.com/nichtlegacy/film/grave-of-the-fireflies/,,grave-of-the-fireflies,film:44558,1RUM
2025-11-15,They Came Together,2014,2.5,1,0,0,https://letterboxd.com/nichtlegacy/film/they-came-together/1/,,they-came-together,film:130912,5uyQ
2025-11-15,One Battle After Another,2025,4.5,0,0,0,https://letterboxd.com/nichtlegacy/film/one-battle-after-another/,,one-battle-after-another,film:951277,DUHM
2025-11-09,Back to the Future,1985,4.5,1,1,0,https://letterboxd.com/nichtlegacy/film/back-to-the-future/,,back-to-the-future,film:51945,2b8e
2025-11-08,Joe Dirt,2001,2.5,0,0,0,https://letterboxd.com/nichtlegacy/film/joe-dirt/,,joe-dirt,film:45738,1UZ6
2025-11-03,Babo: The Haftbefehl Story,2025,3,0,0,0,https://letterboxd.com/nichtlegacy/film/babo-the-haftbefehl-story/,,babo-the-haftbefehl-story,film:1431727,Y4zI
2025-10-31,Austin Powers in Goldmember,2002,3,0,0,0,https://letterboxd.com/nichtlegacy/film/austin-powers-in-goldmember/,,austin-powers-in-goldmember,film:51334,29xG
2025-10-26,Monsters University,2013,3.5,0,0,0,https://letterboxd.com/nichtlegacy/film/monsters-university/,,monsters-university,film:4553,bQm
2025-10-25,Another Round,2020,3.5,0,0,0,https://letterboxd.com/nichtlegacy/film/another-round/,,another-round,film:508246,lkba
2025-10-25,The Long Walk,2025,3.5,0,0,0,https://letterboxd.com/nichtlegacy/film/the-long-walk-2025/,,the-long-walk-2025,film:531316,mic8
2025-10-24,Whiplash,2014,4.5,0,0,0,https://letterboxd.com/nichtlegacy/film/whiplash-2014/,,whiplash-2014,film:171384,7bQA
2025-10-22,The Shawshank Redemption,1994,4,0,0,0,https://letterboxd.com/nichtlegacy/film/the-shawshank-redemption/1/,,the-shawshank-redemption,film:51778,2aHi
2025-10-21,Goon,2011,3,0,0,0,https://letterboxd.com/nichtlegacy/film/goon/,,goon,film:61928,2B6o
2025-10-21,"Crazy, Stupid, Love.",2011,3.5,0,0,0,https://letterboxd.com/nichtlegacy/film/crazy-stupid-love/,,crazy-stupid-love,film:15051,D9A
2025-10-20,The Green Hornet,2011,3.5,0,0,0,https://letterboxd.com/nichtlegacy/film/the-green-hornet/,,the-green-hornet,film:24179,10TQ
2025-10-20,Austin Powers: The Spy Who Shagged Me,1999,2,0,0,0,https://letterboxd.com/nichtlegacy/film/austin-powers-the-spy-who-shagged-me/,,austin-powers-the-spy-who-shagged-me,film:51335,29xQ
2025-10-20,Blade Runner,1982,3.5,0,0,0,https://letterboxd.com/nichtlegacy/film/blade-runner/,,blade-runner,film:51972,2bcA
2025-10-19,Riders of Justice,2020,3.5,0,0,0,https://letterboxd.com/nichtlegacy/film/riders-of-justice/,,riders-of-justice,film:588840,oHQc
2025-10-19,Drive,2011,3.5,0,0,0,https://letterboxd.com/nichtlegacy/film/drive-2011/,,drive-2011,film:277,IG
2025-10-18,The A-Team,2010,3,0,0,0,https://letterboxd.com/nichtlegacy/film/the-a-team/,,the-a-team,film:29102,1dHS
2025-10-16,The Grand Budapest Hotel,2014,3.5,1,0,0,https://letterboxd.com/nichtlegacy/film/the-grand-budapest-hotel/1/,,the-grand-budapest-hotel,film:95113,3ZqO
2025-10-15,Freakier Friday,2025,4,0,0,0,https://letterboxd.com/nichtlegacy/film/freakier-friday/,,freakier-friday,film:1013867,GxwW
2025-10-14,UHF,1989,3,0,0,0,https://letterboxd.com/nichtlegacy/film/uhf/,,uhf,film:44849,1SFI
2025-10-11,Weird: The Al Yankovic Story,2022,3.5,0,0,0,https://letterboxd.com/nichtlegacy/film/weird-the-al-yankovic-story-2022/,,weird-the-al-yankovic-story-2022,film:833761,yYZA
2025-10-09,Fantastic Mr. Fox,2009,4,0,0,0,https://letterboxd.com/nichtlegacy/film/fantastic-mr-fox/,,fantastic-mr-fox,film:46344,1WyQ
2025-10-08,Muppet Treasure Island,1996,2.5,0,0,0,https://letterboxd.com/nichtlegacy/film/muppet-treasure-island/,,muppet-treasure-island,film:45811,1VaS
2025-10-07,Fast Times at Ridgemont High,1982,3,1,0,0,https://letterboxd.com/nichtlegacy/film/fast-times-at-ridgemont-high/1/,,fast-times-at-ridgemont-high,film:43969,1QnM
2025-10-06,Muppets Most Wanted,2014,3,0,0,0,https://letterboxd.com/nichtlegacy/film/muppets-most-wanted/,,muppets-most-wanted,film:110120,4Cti
2025-10-05,The Fantastic 4: First Steps,2025,4,0,0,0,https://letterboxd.com/nichtlegacy/film/the-fantastic-4-first-steps/,,the-fantastic-4-first-steps,film:543967,mP6C
2025-10-04,Men in Black II,2002,3,0,0,0,https://letterboxd.com/nichtlegacy/film/men-in-black-ii/,,men-in-black-ii,film:51513,2a0y
2025-10-03,Snatch,2000,3,1,0,0,https://letterboxd.com/nichtlegacy/film/snatch/1/,,snatch,film:51943,2b7U
2025-10-02,Everything Everywhere All at Once,2022,4,0,0,0,https://letterboxd.com/nichtlegacy/film/everything-everywhere-all-at-once/,,everything-everywhere-all-at-once,film:474474,jUk4
2025-10-02,The Men Who Stare at Goats,2009,3.5,0,0,0,https://letterboxd.com/nichtlegacy/film/the-men-who-stare-at-goats/,,the-men-who-stare-at-goats,film:46346,1Wza
2025-10-01,Half Baked,1998,4,1,0,0,https://letterboxd.com/nichtlegacy/film/half-baked/3/,,half-baked,film:47108,1Yy4
2025-09-24,The Fast and the Furious,2001,3,0,0,0,https://letterboxd.com/nichtlegacy/film/the-fast-and-the-furious-2001/,,the-fast-and-the-furious-2001,film:46813,1XMu
2025-09-23,The SpongeBob Movie: Sponge on the Run,2020,3.5,0,0,0,https://letterboxd.com/nichtlegacy/film/the-spongebob-movie-sponge-on-the-run/,,the-spongebob-movie-sponge-on-the-run,film:334268,e1Ac
2025-09-22,The Naked Gun,2025,4,1,0,0,https://letterboxd.com/nichtlegacy/film/the-naked-gun/1/,,the-naked-gun,film:933381,Da9k
2025-09-20,Loser,2000,2.5,0,0,0,https://letterboxd.com/nichtlegacy/film/loser/,,loser,film:46032,1VKw
2025-09-19,Paprika,2006,3,0,0,0,https://letterboxd.com/nichtlegacy/film/paprika-2006/,,paprika-2006,film:49023,23wW
2025-09-19,(T)Raumschiff Surprise - Periode 1,2004,3,0,0,0,https://letterboxd.com/nichtlegacy/film/traumschiff-surprise-periode-1/,,traumschiff-surprise-periode-1,film:46807,1XLw
2025-09-18,Kung Pow: Enter the Fist,2002,2,0,0,0,https://letterboxd.com/nichtlegacy/film/kung-pow-enter-the-fist/,,kung-pow-enter-the-fist,film:44915,1SQm
2025-09-17,Ghostbusters,1984,4,0,0,0,https://letterboxd.com/nichtlegacy/film/ghostbusters/,,ghostbusters,film:6166,g2w
2025-09-15,Mystery Men,1999,2.5,0,0,0,https://letterboxd.com/nichtlegacy/film/mystery-men/,,mystery-men,film:46790,1XIM
2025-09-15,Big Stan,2007,3,0,0,0,https://letterboxd.com/nichtlegacy/film/big-stan/,,big-stan,film:44088,1QGY
2025-09-14,Snatch,2000,3,0,0,0,https://letterboxd.com/nichtlegacy/film/snatch/,,snatch,film:51943,2b7U
2025-09-10,"The Goods: Live Hard, Sell Hard",2009,2.5,0,0,0,https://letterboxd.com/nichtlegacy/film/the-goods-live-hard-sell-hard/,,the-goods-live-hard-sell-hard,film:39353,1Eng
2025-09-08,Bubble Boy,2001,3,0,0,0,https://letterboxd.com/nichtlegacy/film/bubble-boy/,,bubble-boy,film:46921,1Y3U
2025-09-06,Nobody 2,2025,3.5,0,0,0,https://letterboxd.com/nichtlegacy/film/nobody-2/,,nobody-2,film:907861,C5Lc
2025-09-05,Bad Teacher,2011,3,1,0,0,https://letterboxd.com/nichtlegacy/film/bad-teacher/1/,,bad-teacher,film:13439,yXA
2025-08-31,Barb & Star Go to Vista Del Mar,2021,3,0,0,0,https://letterboxd.com/nichtlegacy/film/barb-star-go-to-vista-del-mar/,,barb-star-go-to-vista-del-mar,film:523229,lX9M
2025-08-31,The Gentlemen,2019,4,0,0,0,https://letterboxd.com/nichtlegacy/film/the-gentlemen/,,the-gentlemen,film:452289,iYBQ
2025-08-24,Legally Blonde,2001,3.5,0,0,0,https://letterboxd.com/nichtlegacy/film/legally-blonde/,,legally-blonde,film:47586,1ZNa
2025-08-23,Empire Records,1995,2.5,0,0,0,https://letterboxd.com/nichtlegacy/film/empire-records/,,empire-records,film:43810,1PY8
2025-08-22,Walk Hard: The Dewey Cox Story,2007,3.5,0,0,0,https://letterboxd.com/nichtlegacy/film/walk-hard-the-dewey-cox-story/,,walk-hard-the-dewey-cox-story,film:48253,21wK
2025-08-17,Superman,2025,4,0,0,0,https://letterboxd.com/nichtlegacy/film/superman-2025/,,superman-2025,film:957050,E9IU
2025-08-16,Sorority Boys,2002,2.5,0,0,0,https://letterboxd.com/nichtlegacy/film/sorority-boys/,,sorority-boys,film:48497,22a6
2025-08-16,Robot Dreams,2023,4,0,0,0,https://letterboxd.com/nichtlegacy/film/robot-dreams/,,robot-dreams,film:753420,vBZm
2025-08-15,The Edge of Seventeen,2016,3.5,0,0,0,https://letterboxd.com/nichtlegacy/film/the-edge-of-seventeen/,,the-edge-of-seventeen,film:311894,d5nu
2025-08-10,Slackers,2002,3.5,0,0,0,https://letterboxd.com/nichtlegacy/film/slackers/,,slackers,film:39293,1EdA
2025-08-08,The Naked Gun,2025,4,0,0,0,https://letterboxd.com/nichtlegacy/film/the-naked-gun/,,the-naked-gun,film:933381,Da9k
2025-08-03,Karate Kid: Legends,2025,4,0,0,0,https://letterboxd.com/nichtlegacy/film/karate-kid-legends/,,karate-kid-legends,film:911333,CeNc
2025-08-02,The Naked Gun 2½: The Smell of Fear,1991,3,0,0,0,https://letterboxd.com/nichtlegacy/film/the-naked-gun-2-the-smell-of-fear/,,the-naked-gun-2-the-smell-of-fear,film:27283,18Yu
2025-08-02,Money Talks,1997,3,0,0,0,https://letterboxd.com/nichtlegacy/film/money-talks/,,money-talks,film:47181,1YJQ
2025-07-31,Mission: Impossible II,2000,3,0,0,0,https://letterboxd.com/nichtlegacy/film/mission-impossible-ii/,,mission-impossible-ii,film:51205,29cS
2025-07-31,Ford v Ferrari,2019,4,0,0,0,https://letterboxd.com/nichtlegacy/film/ford-v-ferrari/,,ford-v-ferrari,film:291419,ce74
2025-07-30,Smurfs,2025,3,0,0,0,https://letterboxd.com/nichtlegacy/film/smurfs/,,smurfs,film:841121,zi8G
2025-07-30,Dredd,2012,3,0,0,0,https://letterboxd.com/nichtlegacy/film/dredd/,,dredd,film:16527,GZE
2025-07-30,Ted,2012,4,1,0,0,https://letterboxd.com/nichtlegacy/film/ted/1/,,ted,film:57376,2pgc
2025-07-29,Mission: Impossible,1996,3,0,0,0,https://letterboxd.com/nichtlegacy/film/mission-impossible/,,mission-impossible,film:51206,29d2
2025-07-29,Wild Child,2008,2.5,0,0,0,https://letterboxd.com/nichtlegacy/film/wild-child/,,wild-child,film:43441,1P0C
2025-07-29,"Dude, Where's My Car?",2000,4,1,0,0,https://letterboxd.com/nichtlegacy/film/dude-wheres-my-car/2/,,dude-wheres-my-car,film:47562,1ZJi
2025-07-29,M3GAN,2022,3,0,0,0,https://letterboxd.com/nichtlegacy/film/m3gan/,,m3gan,film:465649,jxmG
2025-07-28,The Accountant²,2025,3.5,0,0,0,https://letterboxd.com/nichtlegacy/film/the-accountant-2025/,,the-accountant-2025,film:782006,wOm0
2025-07-28,M3GAN 2.0,2025,3.5,0,0,0,https://letterboxd.com/nichtlegacy/film/m3gan-20/,,m3gan-20,film:965885,EwHU
2025-07-28,Reservoir Dogs,1992,3.5,0,0,0,https://letterboxd.com/nichtlegacy/film/reservoir-dogs/,,reservoir-dogs,film:51610,2agc
2025-07-27,Galaxy Quest,1999,3,0,0,0,https://letterboxd.com/nichtlegacy/film/galaxy-quest/,,galaxy-quest,film:51227,29gq
2025-07-27,Harold & Kumar Go to White Castle,2004,3.5,0,0,0,https://letterboxd.com/nichtlegacy/film/harold-kumar-go-to-white-castle/,,harold-kumar-go-to-white-castle,film:45449,1Ueu
2025-07-27,Barbie,2023,3,0,0,0,https://letterboxd.com/nichtlegacy/film/barbie/,,barbie,film:277064,bCLK
2025-07-26,Happy Gilmore 2,2025,3,0,0,0,https://letterboxd.com/nichtlegacy/film/happy-gilmore-2/,,happy-gilmore-2,film:1147371,M8PQ
2025-07-24,Popstar: Never Stop Never Stopping,2016,2.5,0,0,0,https://letterboxd.com/nichtlegacy/film/popstar-never-stop-never-stopping/,,popstar-never-stop-never-stopping,film:270476,blDa
2025-07-23,Seven Psychopaths,2012,3.5,0,0,0,https://letterboxd.com/nichtlegacy/film/seven-psychopaths/,,seven-psychopaths,film:73358,34PW
2025-07-22,The Monkey,2025,3,0,0,0,https://letterboxd.com/nichtlegacy/film/the-monkey-2025/,,the-monkey-2025,film:1013393,Gwiu
2025-07-22,The Grand Budapest Hotel,2014,3.5,0,0,0,https://letterboxd.com/nichtlegacy/film/the-grand-budapest-hotel/,,the-grand-budapest-hotel,film:95113,3ZqO
2025-07-21,Little Miss Sunshine,2006,3,0,0,0,https://letterboxd.com/nichtlegacy/film/little-miss-sunshine/,,little-miss-sunshine,film:51379,29EW
2025-07-20,Black Bag,2025,4,0,0,0,https://letterboxd.com/nichtlegacy/film/black-bag-2025/,,black-bag-2025,film:1116755,KRbM
2025-07-19,Enemy,2013,3,0,0,0,https://letterboxd.com/nichtlegacy/film/enemy/,,enemy,film:132034,5xtO
2025-07-18,The Way Way Back,2013,3.5,0,0,0,https://letterboxd.com/nichtlegacy/film/the-way-way-back/,,the-way-way-back,film:111677,4Gwq
2025-07-17,Eternal Sunshine of the Spotless Mind,2004,4,0,0,0,https://letterboxd.com/nichtlegacy/film/eternal-sunshine-of-the-spotless-mind/,,eternal-sunshine-of-the-spotless-mind,film:2683,6YK
2025-07-16,Flow,2024,3,0,0,0,https://letterboxd.com/nichtlegacy/film/flow-2024/,,flow-2024,film:739451,v1Ei
2025-07-14,The Art of Self-Defense,2019,3.5,0,0,0,https://letterboxd.com/nichtlegacy/film/the-art-of-self-defense-2019/,,the-art-of-self-defense-2019,film:410958,hf5y
2025-07-13,Tucker and Dale vs. Evil,2010,3.5,0,0,0,https://letterboxd.com/nichtlegacy/film/tucker-and-dale-vs-evil/,,tucker-and-dale-vs-evil,film:18527,Mce
2025-07-11,Chronicle,2012,3.5,0,0,0,https://letterboxd.com/nichtlegacy/film/chronicle/,,chronicle,film:63180,2Emk
2025-07-11,The Day of the Jackal,2024,4,0,0,0,https://letterboxd.com/nichtlegacy/film/the-day-of-the-jackal-2024/,,the-day-of-the-jackal-2024,film:1273543,Rr4a
2025-07-07,Bill & Ted Face the Music,2020,3,0,0,0,https://letterboxd.com/nichtlegacy/film/bill-ted-face-the-music/,,bill-ted-face-the-music,film:431915,i7BI
2025-07-06,Encino Man,1992,2,0,0,0,https://letterboxd.com/nichtlegacy/film/encino-man/,,encino-man,film:46261,1Wls
2025-07-05,The Muppets,2011,3,0,0,0,https://letterboxd.com/nichtlegacy/film/the-muppets/,,the-muppets,film:603,1zg
2025-07-05,The Ten,2007,2.5,1,0,0,https://letterboxd.com/nichtlegacy/film/the-ten/1/,,the-ten,film:44077,1QFc
2025-07-04,Kill Bill: Vol. 1,2003,3.5,0,0,0,https://letterboxd.com/nichtlegacy/film/kill-bill-vol-1/,,kill-bill-vol-1,film:2694,70w
2025-07-03,Dog Man,2025,3,0,0,0,https://letterboxd.com/nichtlegacy/film/dog-man/,,dog-man,film:693733,t6Iq
2025-07-02,The Fifth Element,1997,3,0,0,0,https://letterboxd.com/nichtlegacy/film/the-fifth-element/,,the-fifth-element,film:2699,71k
2025-07-02,Heads of State,2025,3,0,0,0,https://letterboxd.com/nichtlegacy/film/heads-of-state/,,heads-of-state,film:670962,s9tG
2025-07-01,Ballerina,2025,4,0,0,0,https://letterboxd.com/nichtlegacy/film/ballerina-2025/,,ballerina-2025,film:470671,jKqG
2025-06-30,Teenage Mutant Ninja Turtles,1990,3,0,0,0,https://letterboxd.com/nichtlegacy/film/teenage-mutant-ninja-turtles/,,teenage-mutant-ninja-turtles,film:51001,28FY
2025-06-29,Kiss Kiss Bang Bang,2005,3,0,0,0,https://letterboxd.com/nichtlegacy/film/kiss-kiss-bang-bang-2005/,,kiss-kiss-bang-bang-2005,film:48894,23c8
2025-06-28,Chicken Run,2000,3,0,0,0,https://letterboxd.com/nichtlegacy/film/chicken-run/,,chicken-run,film:48033,20Xg
2025-06-27,The Virgin Suicides,1999,2.5,0,0,0,https://letterboxd.com/nichtlegacy/film/the-virgin-suicides/,,the-virgin-suicides,film:51024,28JG
2025-06-27,Squid Game,2021,4,0,0,0,https://letterboxd.com/nichtlegacy/film/squid-game/,,squid-game,film:787181,x1OG
2025-06-26,Mulholland Drive,2001,3.5,0,0,0,https://letterboxd.com/nichtlegacy/film/mulholland-drive/,,mulholland-drive,film:51171,297o
2025-06-25,Coherence,2013,3,0,0,0,https://letterboxd.com/nichtlegacy/film/coherence/,,coherence,film:155900,6xza
2025-06-24,Under the Silver Lake,2018,3.5,0,0,0,https://letterboxd.com/nichtlegacy/film/under-the-silver-lake/,,under-the-silver-lake,film:330810,dSAs
2025-06-23,The Lego Movie 2: The Second Part,2019,3,0,0,0,https://letterboxd.com/nichtlegacy/film/the-lego-movie-2-the-second-part/,,the-lego-movie-2-the-second-part,film:205114,8BAU
2025-06-23,12 Angry Men,1957,4,0,0,0,https://letterboxd.com/nichtlegacy/film/12-angry-men/,,12-angry-men,film:51700,2auI
2025-06-22,Donnie Darko,2001,4,0,0,0,https://letterboxd.com/nichtlegacy/film/donnie-darko/,,donnie-darko,film:51910,2b2A
2025-06-21,Land of the Lost,2009,1.5,0,0,0,https://letterboxd.com/nichtlegacy/film/land-of-the-lost/,,land-of-the-lost,film:40543,1Htc
2025-06-21,Grandma's Boy,2006,4,1,0,0,https://letterboxd.com/nichtlegacy/film/grandmas-boy-2006/1/,,grandmas-boy-2006,film:46734,1XzK
2025-06-21,Moonfall,2022,3.5,0,0,0,https://letterboxd.com/nichtlegacy/film/moonfall/,,moonfall,film:341166,ejwM
2025-06-19,mid90s,2018,3,0,0,0,https://letterboxd.com/nichtlegacy/film/mid90s/,,mid90s,film:370451,fxIa
2025-06-19,Dope,2015,3.5,0,0,0,https://letterboxd.com/nichtlegacy/film/dope-2015/,,dope-2015,film:235745,9Tho
2025-06-18,The Wrong Missy,2020,1.5,0,0,0,https://letterboxd.com/nichtlegacy/film/the-wrong-missy/,,the-wrong-missy,film:510630,lqnG
2025-06-17,Observe and Report,2009,3.5,0,0,0,https://letterboxd.com/nichtlegacy/film/observe-and-report/,,observe-and-report,film:41281,1Joe
2025-06-16,The Big Lebowski,1998,5,1,1,0,https://letterboxd.com/nichtlegacy/film/the-big-lebowski/4/,,the-big-lebowski,film:51935,2b6C
2025-06-16,The To Do List,2013,4,0,0,0,https://letterboxd.com/nichtlegacy/film/the-to-do-list/,,the-to-do-list,film:100554,4dAo
2025-06-16,Pitch Perfect,2012,3,0,0,0,https://letterboxd.com/nichtlegacy/film/pitch-perfect/,,pitch-perfect,film:90896,3OsE
2025-06-14,The Place Promised in Our Early Days,2004,3,0,0,0,https://letterboxd.com/nichtlegacy/film/the-place-promised-in-our-early-days/,,the-place-promised-in-our-early-days,film:44229,1R3I
2025-06-14,The Adjustment Bureau,2011,3.5,0,0,0,https://letterboxd.com/nichtlegacy/film/the-adjustment-bureau/,,the-adjustment-bureau,film:26481,16T8
2025-06-13,Companion,2025,4,0,0,0,https://letterboxd.com/nichtlegacy/film/companion-2025/1/,,companion-2025,film:977172,F04o
2025-06-13,The Amateur,2025,4,0,0,0,https://letterboxd.com/nichtlegacy/film/the-amateur-2025/,,the-amateur-2025,film:980914,F9NW
2025-06-12,Everybody Wants Some!!,2016,4,0,0,0,https://letterboxd.com/nichtlegacy/film/everybody-wants-some/,,everybody-wants-some,film:223056,9mgM
2025-06-11,The 40 Year Old Virgin,2005,3.5,1,0,0,https://letterboxd.com/nichtlegacy/film/the-40-year-old-virgin/1/,,the-40-year-old-virgin,film:48160,21hK
2025-06-10,Freaky Friday,2003,3.5,0,0,0,https://letterboxd.com/nichtlegacy/film/freaky-friday-2003/,,freaky-friday-2003,film:46331,1WwK
2025-06-09,"Lock, Stock and Two Smoking Barrels",1998,3.5,0,0,0,https://letterboxd.com/nichtlegacy/film/lock-stock-and-two-smoking-barrels/,,lock-stock-and-two-smoking-barrels,film:51950,2b92
2025-06-09,New Kids Nitro,2011,1.5,0,0,0,https://letterboxd.com/nichtlegacy/film/new-kids-nitro/,,new-kids-nitro,film:66171,2M8K
2025-06-08,They Came Together,2014,2.5,0,0,0,https://letterboxd.com/nichtlegacy/film/they-came-together/,,they-came-together,film:130912,5uyQ
2025-06-07,Get Him to the Greek,2010,3,0,0,0,https://letterboxd.com/nichtlegacy/film/get-him-to-the-greek/,,get-him-to-the-greek,film:30196,1gyk
2025-06-06,Little Nicky,2000,2,0,0,0,https://letterboxd.com/nichtlegacy/film/little-nicky/,,little-nicky,film:46926,1Y4I
2025-06-06,The Ten,2007,2,0,0,0,https://letterboxd.com/nichtlegacy/film/the-ten/,,the-ten,film:44077,1QFc
2025-06-05,The DUFF,2015,3.5,0,0,0,https://letterboxd.com/nichtlegacy/film/the-duff/,,the-duff,film:196361,8eP8
2025-06-05,Meet Dave,2008,2.5,0,0,0,https://letterboxd.com/nichtlegacy/film/meet-dave/,,meet-dave,film:45453,1Uf8
2025-06-05,Austin Powers: International Man of Mystery,1997,3,0,0,0,https://letterboxd.com/nichtlegacy/film/austin-powers-international-man-of-mystery/,,austin-powers-international-man-of-mystery,film:51336,29y0
2025-06-04,DuckTales: The Movie – Treasure of the Lost Lamp,1990,3,0,0,0,https://letterboxd.com/nichtlegacy/film/ducktales-the-movie-treasure-of-the-lost-lamp/,,ducktales-the-movie-treasure-of-the-lost-lamp,film:45848,1VgQ
2025-06-04,(500) Days of Summer,2009,4,0,0,0,https://letterboxd.com/nichtlegacy/film/500-days-of-summer/,,500-days-of-summer,film:39350,1EmM
2025-06-04,CB4,1993,3.5,0,0,0,https://letterboxd.com/nichtlegacy/film/cb4/,,cb4,film:42483,1Mw6
2025-06-03,The Stöned Age,1994,3.5,1,0,0,https://letterboxd.com/nichtlegacy/film/the-stoned-age/1/,,the-stoned-age,film:38752,1COk
2025-05-31,The New Guy,2002,2,0,0,0,https://letterboxd.com/nichtlegacy/film/the-new-guy/,,the-new-guy,film:45716,1UVy
2025-05-31,Lilo & Stitch,2025,4,0,0,0,https://letterboxd.com/nichtlegacy/film/lilo-stitch-2025/,,lilo-stitch-2025,film:481233,kbUe
2025-05-30,The Campaign,2012,2.5,0,0,0,https://letterboxd.com/nichtlegacy/film/the-campaign/,,the-campaign,film:64412,2Hz2
2025-05-29,Superhero Movie,2008,2.5,0,0,0,https://letterboxd.com/nichtlegacy/film/superhero-movie/,,superhero-movie,film:44888,1SM0
2025-05-27,"I Love You, Man",2009,3.5,0,0,0,https://letterboxd.com/nichtlegacy/film/i-love-you-man/,,i-love-you-man,film:41512,1JZu
2025-05-26,Idiocracy,2006,3,0,0,0,https://letterboxd.com/nichtlegacy/film/idiocracy/,,idiocracy,film:48000,20RW
2025-05-25,Saving Bikini Bottom: The Sandy Cheeks Movie,2024,3,0,0,0,https://letterboxd.com/nichtlegacy/film/saving-bikini-bottom-the-sandy-cheeks-movie/,,saving-bikini-bottom-the-sandy-cheeks-movie,film:747378,vmgQ
2025-05-24,Things Are Tough All Over,1982,3,0,0,0,https://letterboxd.com/nichtlegacy/film/things-are-tough-all-over/,,things-are-tough-all-over,film:39167,1DTg
2025-05-24,Final Destination Bloodlines,2025,3.5,0,0,0,https://letterboxd.com/nichtlegacy/film/final-destination-bloodlines/,,final-destination-bloodlines,film:502622,l5y4
2025-05-23,Up in Smoke,1978,4,1,0,0,https://letterboxd.com/nichtlegacy/film/up-in-smoke-1978/1/,,up-in-smoke-1978,film:45287,1TOm
2025-05-23,Friday,1995,4,0,0,0,https://letterboxd.com/nichtlegacy/film/friday/,,friday,film:46040,1VLO
2025-05-22,How High,2001,4,0,0,0,https://letterboxd.com/nichtlegacy/film/how-high/,,how-high,film:47761,20fo
2025-05-22,Scary Movie 4,2006,3,1,0,0,https://letterboxd.com/nichtlegacy/film/scary-movie-4/1/,,scary-movie-4,film:49433,24B4
2025-05-21,End of Watch,2012,4,0,0,0,https://letterboxd.com/nichtlegacy/film/end-of-watch/,,end-of-watch,film:63462,2F5O
2025-05-20,Disaster Movie,2008,3,0,0,0,https://letterboxd.com/nichtlegacy/film/disaster-movie/,,disaster-movie,film:43581,1Pnc
2025-05-19,Jay and Silent Bob Strike Back,2001,3.5,1,0,0,https://letterboxd.com/nichtlegacy/film/jay-and-silent-bob-strike-back/1/,,jay-and-silent-bob-strike-back,film:50355,26ZM
2025-05-19,Warfare,2025,4,0,0,0,https://letterboxd.com/nichtlegacy/film/warfare/4/,,warfare,film:1124701,LbRo
2025-05-18,Strange Wilderness,2008,3.5,1,0,0,https://letterboxd.com/nichtlegacy/film/strange-wilderness/1/,,strange-wilderness,film:43253,1Owi
2025-05-18,American Pie Presents: Girls' Rules,2020,1.5,0,0,0,https://letterboxd.com/nichtlegacy/film/american-pie-presents-girls-rules/,,american-pie-presents-girls-rules,film:585969,oAn8
2025-05-17,Let's Be Cops,2014,3.5,0,0,0,https://letterboxd.com/nichtlegacy/film/lets-be-cops/,,lets-be-cops,film:139348,5Qvu
2025-05-16,Ghost in the Shell,1995,4,0,0,0,https://letterboxd.com/nichtlegacy/film/ghost-in-the-shell/,,ghost-in-the-shell,film:47270,1YYc
2025-05-15,Date Movie,2006,1.5,0,0,0,https://letterboxd.com/nichtlegacy/film/date-movie/,,date-movie,film:46573,1X9M
2025-05-15,A Working Man,2025,3.5,0,0,0,https://letterboxd.com/nichtlegacy/film/a-working-man/,,a-working-man,film:1082225,Jpmq
2025-05-14,The Cat in the Hat,2003,3,0,0,0,https://letterboxd.com/nichtlegacy/film/the-cat-in-the-hat-2003/,,the-cat-in-the-hat-2003,film:46084,1VSU
2025-05-14,The Craft,1996,3,0,0,0,https://letterboxd.com/nichtlegacy/film/the-craft/,,the-craft,film:47345,1Zai
2025-05-13,The Beach Bum,2019,3.5,0,0,0,https://letterboxd.com/nichtlegacy/film/the-beach-bum/,,the-beach-bum,film:374051,fH4O
2025-05-13,A Minecraft Movie,2025,4,0,0,0,https://letterboxd.com/nichtlegacy/film/a-minecraft-movie/1/,,a-minecraft-movie,film:854691,zRro
2025-05-12,Stan Helsing,2009,1.5,0,0,0,https://letterboxd.com/nichtlegacy/film/stan-helsing/,,stan-helsing,film:37117,1yyC
2025-05-11,American Pie 2,2001,3.5,0,0,0,https://letterboxd.com/nichtlegacy/film/american-pie-2/,,american-pie-2,film:50101,26kO
2025-05-10,Half Baked,1998,4,1,0,0,https://letterboxd.com/nichtlegacy/film/half-baked/2/,,half-baked,film:47108,1Yy4
2025-05-08,Crank,2006,3.5,0,0,0,https://letterboxd.com/nichtlegacy/film/crank/,,crank,film:50660,27MY
2025-05-05,Thunderbolts*,2025,4,0,0,0,https://letterboxd.com/nichtlegacy/film/thunderbolts/,,thunderbolts,film:887653,BfbQ
2025-05-04,"Family Guy Presents: Something, Something, Something, Dark Side",2009,4,1,0,0,https://letterboxd.com/nichtlegacy/film/family-guy-presents-something-something-something-dark-side/1/,,family-guy-presents-something-something-something-dark-side,film:552318,naPy
2025-05-04,The Robot Chicken: Star Wars,2007,2.5,0,0,0,https://letterboxd.com/nichtlegacy/film/the-robot-chicken-star-wars/,,the-robot-chicken-star-wars,film:22143,VBs
2025-05-04,Family Guy Presents: Blue Harvest,2007,3.5,1,0,0,https://letterboxd.com/nichtlegacy/film/family-guy-presents-blue-harvest/1/,,family-guy-presents-blue-harvest,film:579105,oiw2
2025-05-04,Star Wars,1977,4.5,1,0,0,https://letterboxd.com/nichtlegacy/film/star-wars/1/,,star-wars,film:2706,72s
2025-05-03,The Kings of Summer,2013,3.5,0,0,0,https://letterboxd.com/nichtlegacy/film/the-kings-of-summer/,,the-kings-of-summer,film:117262,4V3e
2025-05-02,Our Idiot Brother,2011,3.5,0,0,0,https://letterboxd.com/nichtlegacy/film/our-idiot-brother/,,our-idiot-brother,film:6598,hac
2025-05-01,Pootie Tang,2001,2.5,0,0,0,https://letterboxd.com/nichtlegacy/film/pootie-tang/,,pootie-tang,film:46059,1VOS
2025-05-01,Gone Girl,2014,4,0,0,0,https://letterboxd.com/nichtlegacy/film/gone-girl/,,gone-girl,film:149857,6hQu
2025-04-30,Hit Man,2023,3.5,0,0,0,https://letterboxd.com/nichtlegacy/film/hit-man-2023/,,hit-man-2023,film:877046,ANB2
2025-04-29,Sky High,2005,2.5,0,0,0,https://letterboxd.com/nichtlegacy/film/sky-high-2005/,,sky-high-2005,film:45283,1TNI
2025-04-28,MacGruber,2010,2.5,0,0,0,https://letterboxd.com/nichtlegacy/film/macgruber/,,macgruber,film:26589,17ay
2025-04-27,It's a Wonderful Binge,2022,2,0,0,0,https://letterboxd.com/nichtlegacy/film/its-a-wonderful-binge/,,its-a-wonderful-binge,film:925442,CPuQ
2025-04-26,Why Him?,2016,2.5,0,0,0,https://letterboxd.com/nichtlegacy/film/why-him/,,why-him,film:287509,c3Wq
2025-04-25,iHostage,2025,3.5,0,0,0,https://letterboxd.com/nichtlegacy/film/ihostage/,,ihostage,film:1258188,QN7y
2025-04-24,The Brothers Solomon,2007,3.5,0,0,0,https://letterboxd.com/nichtlegacy/film/the-brothers-solomon/,,the-brothers-solomon,film:46575,1Xa6
2025-04-24,Nacho Libre,2006,3.5,0,0,0,https://letterboxd.com/nichtlegacy/film/nacho-libre/,,nacho-libre,film:47242,1YTG
2025-04-23,Harold & Kumar Escape from Guantanamo Bay,2008,3.5,0,0,0,https://letterboxd.com/nichtlegacy/film/harold-kumar-escape-from-guantanamo-bay/,,harold-kumar-escape-from-guantanamo-bay,film:43976,1QoU
2025-04-22,"Dude, Where's My Car?",2000,3.5,1,0,0,https://letterboxd.com/nichtlegacy/film/dude-wheres-my-car/1/,,dude-wheres-my-car,film:47562,1ZJi
2025-04-21,Margin Call,2011,3,0,0,0,https://letterboxd.com/nichtlegacy/film/margin-call/,,margin-call,film:14887,CJ8
2025-04-19,The Cat Returns,2002,3,0,0,0,https://letterboxd.com/nichtlegacy/film/the-cat-returns/,,the-cat-returns,film:42428,1Mne
2025-04-18,Nice Dreams,1981,3,0,0,0,https://letterboxd.com/nichtlegacy/film/nice-dreams/,,nice-dreams,film:39250,1E6E
2025-04-17,Dazed and Confused,1993,4,1,0,0,https://letterboxd.com/nichtlegacy/film/dazed-and-confused/1/,,dazed-and-confused,film:47029,1Ylk
2025-04-16,Journey to the Center of the Earth,2008,2.5,0,0,0,https://letterboxd.com/nichtlegacy/film/journey-to-the-center-of-the-earth-2008/,,journey-to-the-center-of-the-earth-2008,film:74826,38EI
2025-04-16,A Haunted House,2013,2,0,0,0,https://letterboxd.com/nichtlegacy/film/a-haunted-house/,,a-haunted-house,film:106410,4sOU
2025-04-16,Good Boys,2019,3,0,0,0,https://letterboxd.com/nichtlegacy/film/good-boys-2019/,,good-boys-2019,film:451296,iW1G
2025-04-16,Captain America: Brave New World,2025,3.5,0,0,0,https://letterboxd.com/nichtlegacy/film/captain-america-brave-new-world/,,captain-america-brave-new-world,film:738292,uYDm
2025-04-16,Liar Liar,1997,3,0,0,0,https://letterboxd.com/nichtlegacy/film/liar-liar/,,liar-liar,film:50916,28sg
2025-04-15,The Princess Diaries,2001,3,0,0,0,https://letterboxd.com/nichtlegacy/film/the-princess-diaries/,,the-princess-diaries,film:46753,1XCO
2025-04-15,Novocaine,2025,4,0,0,0,https://letterboxd.com/nichtlegacy/film/novocaine-2025/1/,,novocaine-2025,film:1081017,JmdA
2025-04-14,The Hitchhiker's Guide to the Galaxy,2005,3.5,0,0,0,https://letterboxd.com/nichtlegacy/film/the-hitchhikers-guide-to-the-galaxy-2005/,,the-hitchhikers-guide-to-the-galaxy-2005,film:48023,20VE
2025-04-13,The Martian,2015,4,0,0,0,https://letterboxd.com/nichtlegacy/film/the-martian/,,the-martian,film:211511,8SeG
2025-04-12,A Haunted House 2,2014,3,0,0,0,https://letterboxd.com/nichtlegacy/film/a-haunted-house-2/,,a-haunted-house-2,film:133423,5B5Q
2025-04-11,Goodbye Berlin,2016,3,0,0,0,https://letterboxd.com/nichtlegacy/film/goodbye-berlin/,,goodbye-berlin,film:319505,dpb4
2025-04-11,Mean Girls,2004,3.5,0,0,0,https://letterboxd.com/nichtlegacy/film/mean-girls/,,mean-girls,film:46049,1VNg
2025-04-10,The Simpsons Movie,2007,3.5,0,0,0,https://letterboxd.com/nichtlegacy/film/the-simpsons-movie/,,the-simpsons-movie,film:2684,6YU
2025-04-08,Puss in Boots,2011,3.5,0,0,0,https://letterboxd.com/nichtlegacy/film/puss-in-boots/,,puss-in-boots,film:351745,eL34
2025-04-07,Jumanji: The Next Level,2019,3,0,0,0,https://letterboxd.com/nichtlegacy/film/jumanji-the-next-level/,,jumanji-the-next-level,film:441862,ixu4
2025-04-06,Epic Movie,2007,3,0,0,0,https://letterboxd.com/nichtlegacy/film/epic-movie/,,epic-movie,film:46850,1XSs
2025-04-05,Clueless,1995,2.5,0,0,0,https://letterboxd.com/nichtlegacy/film/clueless/,,clueless,film:46998,1Ygk
2025-04-05,The Internship,2013,3,0,0,0,https://letterboxd.com/nichtlegacy/film/the-internship/,,the-internship,film:92621,3SWS
2025-04-03,"South Park: Bigger, Longer & Uncut",1999,3.5,0,0,0,https://letterboxd.com/nichtlegacy/film/south-park-bigger-longer-uncut/,,south-park-bigger-longer-uncut,film:47125,1YAO
2025-04-03,The Big Lebowski,1998,5,1,1,0,https://letterboxd.com/nichtlegacy/film/the-big-lebowski/3/,,the-big-lebowski,film:51935,2b6C
2025-04-02,Easy A,2010,3.5,0,0,0,https://letterboxd.com/nichtlegacy/film/easy-a/,,easy-a,film:26770,17DK
2025-04-01,Princess Protection Program,2009,3,0,0,0,https://letterboxd.com/nichtlegacy/film/princess-protection-program/,,princess-protection-program,film:39627,1F5s
2025-04-01,True Romance,1993,3,0,0,0,https://letterboxd.com/nichtlegacy/film/true-romance/,,true-romance,film:51740,2aBa
2025-03-31,Heartbreakers,2001,3,0,0,0,https://letterboxd.com/nichtlegacy/film/heartbreakers/,,heartbreakers,film:45852,1Vhu
2025-03-30,Napoleon Dynamite,2004,2.5,0,0,0,https://letterboxd.com/nichtlegacy/film/napoleon-dynamite/,,napoleon-dynamite,film:47867,20wu
2025-03-30,Fanboys,2009,3,0,0,0,https://letterboxd.com/nichtlegacy/film/fanboys/,,fanboys,film:43809,1PXY
2025-03-29,Going the Distance,2004,2.5,0,0,0,https://letterboxd.com/nichtlegacy/film/going-the-distance/,,going-the-distance,film:39640,1F7y
2025-03-28,Bill & Ted's Excellent Adventure,1989,3.5,1,0,0,https://letterboxd.com/nichtlegacy/film/bill-teds-excellent-adventure/1/,,bill-teds-excellent-adventure,film:50894,28oI
2025-03-28,The Waterboy,1998,3,0,0,0,https://letterboxd.com/nichtlegacy/film/the-waterboy/,,the-waterboy,film:46012,1VHi
2025-03-27,White Men Can't Jump,1992,2.5,0,0,0,https://letterboxd.com/nichtlegacy/film/white-men-cant-jump/,,white-men-cant-jump,film:46491,1WWy
2025-03-26,Wayne's World,1992,3,0,0,0,https://letterboxd.com/nichtlegacy/film/waynes-world/,,waynes-world,film:47552,1ZHG
2025-03-26,"You, Me and Dupree",2006,3,0,0,0,https://letterboxd.com/nichtlegacy/film/you-me-and-dupree/,,you-me-and-dupree,film:50774,285m
2025-03-26,Reefer Madness: The Movie Musical,2005,2.5,0,0,0,https://letterboxd.com/nichtlegacy/film/reefer-madness-the-movie-musical/,,reefer-madness-the-movie-musical,film:38961,1Dm2
2025-03-25,Trainspotting,1996,3,0,0,0,https://letterboxd.com/nichtlegacy/film/trainspotting/,,trainspotting,film:51497,29XY
2025-03-24,Team America: World Police,2004,4,0,0,0,https://letterboxd.com/nichtlegacy/film/team-america-world-police/,,team-america-world-police,film:49531,24QS
2025-03-23,Top Secret!,1984,2.5,0,0,0,https://letterboxd.com/nichtlegacy/film/top-secret/,,top-secret,film:47620,1ZSE
2025-03-22,The Nutty Professor,1996,3,0,0,0,https://letterboxd.com/nichtlegacy/film/the-nutty-professor-1996/,,the-nutty-professor-1996,film:47267,1YXI
2025-03-22,Extract,2009,3.5,0,0,0,https://letterboxd.com/nichtlegacy/film/extract/,,extract,film:44470,1RGA
2025-03-22,The Girl Who Leapt Through Time,2006,3.5,0,0,0,https://letterboxd.com/nichtlegacy/film/the-girl-who-leapt-through-time/,,the-girl-who-leapt-through-time,film:43370,1OPa
2025-03-22,A Silent Voice: The Movie,2016,4,0,0,0,https://letterboxd.com/nichtlegacy/film/a-silent-voice-the-movie/,,a-silent-voice-the-movie,film:313343,d99c
2025-03-21,I Want to Eat Your Pancreas,2018,4.5,0,0,0,https://letterboxd.com/nichtlegacy/film/i-want-to-eat-your-pancreas/,,i-want-to-eat-your-pancreas,film:434413,ie6C
2025-03-21,The Garden of Words,2013,4,0,0,0,https://letterboxd.com/nichtlegacy/film/the-garden-of-words/,,the-garden-of-words,film:142367,5Ymq
2025-03-21,Your Name.,2016,4.5,1,0,0,https://letterboxd.com/nichtlegacy/film/your-name/1/,,your-name,film:307684,cUqs
2025-03-20,Open Season,2006,3,0,0,0,https://letterboxd.com/nichtlegacy/film/open-season/,,open-season,film:48013,20U2
2025-03-19,Talladega Nights: The Ballad of Ricky Bobby,2006,2.5,0,0,0,https://letterboxd.com/nichtlegacy/film/talladega-nights-the-ballad-of-ricky-bobby/,,talladega-nights-the-ballad-of-ricky-bobby,film:46887,1XYq
2025-03-18,What Happens in Vegas,2008,2,0,0,0,https://letterboxd.com/nichtlegacy/film/what-happens-in-vegas/,,what-happens-in-vegas,film:47414,1Zlq
2025-03-18,Bad Santa,2003,2.5,0,0,0,https://letterboxd.com/nichtlegacy/film/bad-santa/,,bad-santa,film:46502,1WYk
2025-03-17,Shaun of the Dead,2004,4,1,0,0,https://letterboxd.com/nichtlegacy/film/shaun-of-the-dead/1/,,shaun-of-the-dead,film:51405,29J8
2025-03-16,Matchstick Men,2003,3.5,0,0,0,https://letterboxd.com/nichtlegacy/film/matchstick-men/,,matchstick-men,film:48082,215a
2025-03-15,Mac & Devin Go to High School,2012,3.5,0,0,0,https://letterboxd.com/nichtlegacy/film/mac-devin-go-to-high-school/,,mac-devin-go-to-high-school,film:84967,3z2m
2025-03-14,This Is 40,2012,3.5,0,0,0,https://letterboxd.com/nichtlegacy/film/this-is-40/,,this-is-40,film:75322,39WI
2025-03-13,"Surfer, Dude",2008,2.5,0,0,0,https://letterboxd.com/nichtlegacy/film/surfer-dude/,,surfer-dude,film:43562,1Pk8
2025-03-13,Forgetting Sarah Marshall,2008,3,0,0,0,https://letterboxd.com/nichtlegacy/film/forgetting-sarah-marshall/,,forgetting-sarah-marshall,film:46763,1XEq
2025-03-12,School of Rock,2003,4,0,0,0,https://letterboxd.com/nichtlegacy/film/school-of-rock/,,school-of-rock,film:50950,28xK
2025-03-11,DodgeBall: A True Underdog Story,2004,2.5,0,0,0,https://letterboxd.com/nichtlegacy/film/dodgeball-a-true-underdog-story/,,dodgeball-a-true-underdog-story,film:47126,1YAY
2025-03-10,Bring It On,2000,3,0,0,0,https://letterboxd.com/nichtlegacy/film/bring-it-on/,,bring-it-on,film:50946,28x6
2025-03-09,Smiley Face,2007,4.5,1,0,0,https://letterboxd.com/nichtlegacy/film/smiley-face/4/,,smiley-face,film:44082,1QG0
2025-03-08,Starsky & Hutch,2004,3,0,0,0,https://letterboxd.com/nichtlegacy/film/starsky-hutch/,,starsky-hutch,film:47212,1YOQ
2025-03-07,Piece By Piece,2024,2.5,0,0,0,https://letterboxd.com/nichtlegacy/film/piece-by-piece-2024/,,piece-by-piece-2024,film:1119632,KYFO
2025-03-07,Sex Drive,2008,3.5,0,0,0,https://letterboxd.com/nichtlegacy/film/sex-drive/,,sex-drive,film:43817,1PZg
2025-03-06,Clerks II,2006,3.5,0,0,0,https://letterboxd.com/nichtlegacy/film/clerks-ii/,,clerks-ii,film:50354,26ZC
2025-03-06,5 Centimeters per Second,2007,3.5,0,0,0,https://letterboxd.com/nichtlegacy/film/5-centimeters-per-second/,,5-centimeters-per-second,film:26400,16G4
2025-03-05,Suzume,2022,4,0,0,0,https://letterboxd.com/nichtlegacy/film/suzume/,,suzume,film:822281,yv7Y
2025-03-04,Weathering with You,2019,4,0,0,0,https://letterboxd.com/nichtlegacy/film/weathering-with-you/,,weathering-with-you,film:496469,kPxE
2025-03-03,Your Name.,2016,4.5,0,1,0,https://letterboxd.com/nichtlegacy/film/your-name/,,your-name,film:307684,cUqs
2025-03-03,Not Another Teen Movie,2001,3.5,0,0,0,https://letterboxd.com/nichtlegacy/film/not-another-teen-movie/,,not-another-teen-movie,film:45337,1TWq
2025-03-01,The Wackness,2008,2,0,0,0,https://letterboxd.com/nichtlegacy/film/the-wackness/,,the-wackness,film:43426,1OYc
2025-02-28,Mr. Deeds,2002,3,0,0,0,https://letterboxd.com/nichtlegacy/film/mr-deeds/,,mr-deeds,film:50591,27BQ
2025-02-27,Big Daddy,1999,2.5,0,0,0,https://letterboxd.com/nichtlegacy/film/big-daddy/,,big-daddy,film:47411,1ZkW
2025-02-26,Strange Brew,1983,3,0,0,0,https://letterboxd.com/nichtlegacy/film/strange-brew/,,strange-brew,film:44230,1R3S
2025-02-25,Fargo,1996,3,0,0,0,https://letterboxd.com/nichtlegacy/film/fargo/,,fargo,film:51781,2aHM
2025-02-24,Raising Arizona,1987,2,0,0,0,https://letterboxd.com/nichtlegacy/film/raising-arizona/,,raising-arizona,film:51707,2avQ
2025-02-24,Ace Ventura: Pet Detective,1994,3.5,0,0,0,https://letterboxd.com/nichtlegacy/film/ace-ventura-pet-detective/,,ace-ventura-pet-detective,film:49922,25RW
2025-02-23,Employee of the Month,2006,3.5,0,0,0,https://letterboxd.com/nichtlegacy/film/employee-of-the-month-2006/,,employee-of-the-month-2006,film:46818,1XNi
2025-02-22,Toy Story 3,2010,4,0,0,0,https://letterboxd.com/nichtlegacy/film/toy-story-3/,,toy-story-3,film:46458,1WRe
2025-02-21,Saving Grace,2000,3.5,0,0,0,https://letterboxd.com/nichtlegacy/film/saving-grace/,,saving-grace,film:50308,26Sc
2025-02-20,Booksmart,2019,3,0,0,0,https://letterboxd.com/nichtlegacy/film/booksmart/,,booksmart,film:435450,igNS
2025-02-19,Stand by Me,1986,3.5,0,0,0,https://letterboxd.com/nichtlegacy/film/stand-by-me/,,stand-by-me,film:51821,2aOe
2025-02-19,Your Highness,2011,2.5,1,0,0,https://letterboxd.com/nichtlegacy/film/your-highness/1/,,your-highness,film:26239,16g6
2025-02-18,Tropic Thunder,2008,4,0,0,0,https://letterboxd.com/nichtlegacy/film/tropic-thunder/,,tropic-thunder,film:48030,20WM
2025-02-17,Keanu,2016,3,0,0,0,https://letterboxd.com/nichtlegacy/film/keanu/,,keanu,film:272646,brha
2025-02-16,Click,2006,3,0,0,0,https://letterboxd.com/nichtlegacy/film/click/,,click,film:47255,1YVM
2025-02-15,The Emperor's New Groove,2000,2.5,0,0,0,https://letterboxd.com/nichtlegacy/film/the-emperors-new-groove/,,the-emperors-new-groove,film:45065,1Tey
2025-02-15,Out Cold,2001,2,0,0,0,https://letterboxd.com/nichtlegacy/film/out-cold/,,out-cold,film:43145,1OeS
2025-02-14,Cheech & Chong's Next Movie,1980,3,0,0,0,https://letterboxd.com/nichtlegacy/film/cheech-chongs-next-movie/,,cheech-chongs-next-movie,film:43745,1PNE
2025-02-13,Kid Cannabis,2014,3.5,0,0,0,https://letterboxd.com/nichtlegacy/film/kid-cannabis/,,kid-cannabis,film:150932,6kDS
2025-02-12,Fear and Loathing in Las Vegas,1998,4,0,1,1,https://letterboxd.com/nichtlegacy/film/fear-and-loathing-in-las-vegas/,https://letterboxd.com/nichtlegacy/film/fear-and-loathing-in-las-vegas/,fear-and-loathing-in-las-vegas,film:50725,27Xs
2025-02-11,American Pie,1999,4.5,1,1,0,https://letterboxd.com/nichtlegacy/film/american-pie/,,american-pie,film:50521,27qy
2025-02-11,"O Brother, Where Art Thou?",2000,4,0,0,0,https://letterboxd.com/nichtlegacy/film/o-brother-where-art-thou/,,o-brother-where-art-thou,film:51917,2b3I
2025-02-10,Detroit Rock City,1999,2.5,1,0,0,https://letterboxd.com/nichtlegacy/film/detroit-rock-city/1/,,detroit-rock-city,film:46830,1XPe
2025-02-10,Fast Times at Ridgemont High,1982,2.5,0,0,0,https://letterboxd.com/nichtlegacy/film/fast-times-at-ridgemont-high/,,fast-times-at-ridgemont-high,film:43969,1QnM
2025-02-09,Detroit Rock City,1999,2.5,0,0,0,https://letterboxd.com/nichtlegacy/film/detroit-rock-city/,,detroit-rock-city,film:46830,1XPe
2025-02-09,Can't Hardly Wait,1998,1.5,0,0,0,https://letterboxd.com/nichtlegacy/film/cant-hardly-wait/,,cant-hardly-wait,film:42648,1MWI
2025-02-09,21 Jump Street,2012,3.5,1,0,0,https://letterboxd.com/nichtlegacy/film/21-jump-street/1/,,21-jump-street,film:279,J0
2025-02-08,Ferris Bueller's Day Off,1986,4,0,1,0,https://letterboxd.com/nichtlegacy/film/ferris-buellers-day-off/,,ferris-buellers-day-off,film:47219,1YPY
2025-02-07,Soul Plane,2004,1.5,0,0,0,https://letterboxd.com/nichtlegacy/film/soul-plane/,,soul-plane,film:44390,1RtG
2025-02-07,Dazed and Confused,1993,4,0,1,0,https://letterboxd.com/nichtlegacy/film/dazed-and-confused/,,dazed-and-confused,film:47029,1Ylk
2025-02-06,Kingpin,1996,3.5,0,1,0,https://letterboxd.com/nichtlegacy/film/kingpin/,,kingpin,film:45205,1TB8
2025-02-05,Bio-Dome,1996,2,0,0,0,https://letterboxd.com/nichtlegacy/film/bio-dome/,,bio-dome,film:47064,1YqY
2025-02-04,The Big Lebowski,1998,5,1,1,0,https://letterboxd.com/nichtlegacy/film/the-big-lebowski/2/,,the-big-lebowski,film:51935,2b6C
2025-02-03,There's Something About Mary,1998,3,1,0,0,https://letterboxd.com/nichtlegacy/film/theres-something-about-mary/1/,,theres-something-about-mary,film:51573,2aae
2025-02-02,Orange County,2002,3.5,0,0,0,https://letterboxd.com/nichtlegacy/film/orange-county/,,orange-county,film:44945,1SVc
2025-02-01,My Neighbor Totoro,1988,3,0,0,0,https://letterboxd.com/nichtlegacy/film/my-neighbor-totoro/,,my-neighbor-totoro,film:47756,20eA
2025-02-01,Airheads,1994,2.5,0,0,0,https://letterboxd.com/nichtlegacy/film/airheads/,,airheads,film:43753,1POW
2025-01-31,Hot Rod,2007,3,0,1,0,https://letterboxd.com/nichtlegacy/film/hot-rod/,,hot-rod,film:46572,1X9C
2025-01-31,Harry Potter and the Order of the Phoenix,2007,4,0,1,0,https://letterboxd.com/nichtlegacy/film/harry-potter-and-the-order-of-the-phoenix/,,harry-potter-and-the-order-of-the-phoenix,film:51449,29Qe
2025-01-30,Lammbock,2001,2.5,0,0,0,https://letterboxd.com/nichtlegacy/film/lammbock/,,lammbock,film:50951,28xU
2025-01-30,Billy Madison,1995,3.5,0,0,0,https://letterboxd.com/nichtlegacy/film/billy-madison/,,billy-madison,film:45686,1UQI
2025-01-29,Tommy Boy,1995,3,0,0,0,https://letterboxd.com/nichtlegacy/film/tommy-boy/,,tommy-boy,film:45353,1TZ0
2025-01-28,Scooby-Doo,2002,2,0,0,0,https://letterboxd.com/nichtlegacy/film/scooby-doo/,,scooby-doo,film:46964,1YaQ
2025-01-28,Happy Gilmore,1996,3.5,0,1,0,https://letterboxd.com/nichtlegacy/film/happy-gilmore/,,happy-gilmore,film:46987,1Yey
2025-01-27,The SpongeBob SquarePants Movie,2004,4.5,1,0,0,https://letterboxd.com/nichtlegacy/film/the-spongebob-squarepants-movie/,,the-spongebob-squarepants-movie,film:44965,1SYq
2025-01-27,High School,2010,4,1,0,0,https://letterboxd.com/nichtlegacy/film/high-school-2010/1/,,high-school-2010,film:34391,1rsW
2025-01-25,Sonic the Hedgehog 3,2024,4,0,0,0,https://letterboxd.com/nichtlegacy/film/sonic-the-hedgehog-3/,,sonic-the-hedgehog-3,film:844148,zq0U
2025-01-24,Sonic the Hedgehog 2,2022,3.5,0,0,0,https://letterboxd.com/nichtlegacy/film/sonic-the-hedgehog-2/,,sonic-the-hedgehog-2,film:600103,pb8O
2025-01-24,Geostorm,2017,3.5,0,0,0,https://letterboxd.com/nichtlegacy/film/geostorm/,,geostorm,film:198971,8lC6
2025-01-22,Dogma,1999,3.5,0,0,0,https://letterboxd.com/nichtlegacy/film/dogma/,,dogma,film:50767,284e
2025-01-21,Bridesmaids,2011,1.5,0,0,0,https://letterboxd.com/nichtlegacy/film/bridesmaids/,,bridesmaids,film:10442,rac
2025-01-21,Without a Paddle,2004,3.5,0,0,0,https://letterboxd.com/nichtlegacy/film/without-a-paddle/,,without-a-paddle,film:45920,1Vss
2025-01-20,Anchorman: The Legend of Ron Burgundy,2004,3,1,0,0,https://letterboxd.com/nichtlegacy/film/anchorman-the-legend-of-ron-burgundy/1/,,anchorman-the-legend-of-ron-burgundy,film:47637,1ZVo
2025-01-20,Toy Story 2,1999,3,0,0,0,https://letterboxd.com/nichtlegacy/film/toy-story-2/,,toy-story-2,film:51289,29qq
2025-01-18,Monty Python and the Holy Grail,1975,3,0,0,0,https://letterboxd.com/nichtlegacy/film/monty-python-and-the-holy-grail/,,monty-python-and-the-holy-grail,film:51390,29GI
2025-01-18,Toy Story,1995,3.5,0,0,0,https://letterboxd.com/nichtlegacy/film/toy-story/,,toy-story,film:51290,29qA
2025-01-18,Good Will Hunting,1997,4.5,0,1,0,https://letterboxd.com/nichtlegacy/film/good-will-hunting/,,good-will-hunting,film:51621,2ahY
2025-01-18,Pineapple Express,2008,4,0,1,0,https://letterboxd.com/nichtlegacy/film/pineapple-express/,,pineapple-express,film:46462,1WRS
2025-01-17,Deuce Bigalow: Male Gigolo,1999,3,0,0,0,https://letterboxd.com/nichtlegacy/film/deuce-bigalow-male-gigolo/,,deuce-bigalow-male-gigolo,film:46264,1WlW
2025-01-16,Deuce Bigalow: European Gigolo,2005,3.5,0,0,0,https://letterboxd.com/nichtlegacy/film/deuce-bigalow-european-gigolo/,,deuce-bigalow-european-gigolo,film:45289,1TOG
2025-01-16,Anchorman: The Legend of Ron Burgundy,2004,3,0,0,0,https://letterboxd.com/nichtlegacy/film/anchorman-the-legend-of-ron-burgundy/,,anchorman-the-legend-of-ron-burgundy,film:47637,1ZVo
2025-01-15,The Naked Gun: From the Files of Police Squad!,1988,3,0,0,0,https://letterboxd.com/nichtlegacy/film/the-naked-gun-from-the-files-of-police-squad/,,the-naked-gun-from-the-files-of-police-squad,film:27284,18YE
2025-01-15,Up in Smoke,1978,3.5,0,0,0,https://letterboxd.com/nichtlegacy/film/up-in-smoke-1978/,,up-in-smoke-1978,film:45287,1TOm
2025-01-14,Celebrity Sex Tape,2012,1,0,0,0,https://letterboxd.com/nichtlegacy/film/celebrity-sex-tape/,,celebrity-sex-tape,film:74110,36Ne
2025-01-14,Office Space,1999,2.5,0,0,0,https://letterboxd.com/nichtlegacy/film/office-space/,,office-space,film:50991,28Em
2025-01-13,The Wrong Trousers,1993,4,0,0,0,https://letterboxd.com/nichtlegacy/film/the-wrong-trousers/,,the-wrong-trousers,film:51586,2ack
2025-01-13,The Breakfast Club,1985,2.5,0,0,0,https://letterboxd.com/nichtlegacy/film/the-breakfast-club/,,the-breakfast-club,film:50518,27q4
2025-01-12,John Wick: Chapter 4,2023,5,0,1,0,https://letterboxd.com/nichtlegacy/film/john-wick-chapter-4/,,john-wick-chapter-4,film:530882,mh48
2025-01-12,Scary Movie 4,2006,1.5,0,0,0,https://letterboxd.com/nichtlegacy/film/scary-movie-4/,,scary-movie-4,film:49433,24B4
2025-01-12,The Dukes of Hazzard,2005,3,0,0,0,https://letterboxd.com/nichtlegacy/film/the-dukes-of-hazzard/,,the-dukes-of-hazzard,film:48274,21A8
2025-01-11,"Puff, Puff, Pass",2006,2,0,0,0,https://letterboxd.com/nichtlegacy/film/puff-puff-pass/,,puff-puff-pass,film:36578,1x9G
2025-01-11,PCU,1994,2.5,0,0,0,https://letterboxd.com/nichtlegacy/film/pcu/,,pcu,film:43102,1O7W
2025-01-10,Airplane!,1980,4,0,0,0,https://letterboxd.com/nichtlegacy/film/airplane/,,airplane,film:51339,29yu
2025-01-09,Wallace & Gromit: Vengeance Most Fowl,2024,4,0,0,0,https://letterboxd.com/nichtlegacy/film/wallace-gromit-vengeance-most-fowl/,,wallace-gromit-vengeance-most-fowl,film:834561,z14C
2025-01-09,Mallrats,1995,2.5,0,0,0,https://letterboxd.com/nichtlegacy/film/mallrats/,,mallrats,film:50356,26ZW
2025-01-08,Major Payne,1995,3,0,0,0,https://letterboxd.com/nichtlegacy/film/major-payne/,,major-payne,film:45694,1US0
2025-01-08,Bill & Ted's Bogus Journey,1991,2.5,0,0,0,https://letterboxd.com/nichtlegacy/film/bill-teds-bogus-journey/,,bill-teds-bogus-journey,film:50893,28oy
2025-01-07,Good Kids,2016,2,0,0,0,https://letterboxd.com/nichtlegacy/film/good-kids-2016/,,good-kids-2016,film:282304,bQoU
2025-01-07,The Stöned Age,1994,3,0,0,0,https://letterboxd.com/nichtlegacy/film/the-stoned-age/,,the-stoned-age,film:38752,1COk
2025-01-07,Bill & Ted's Excellent Adventure,1989,3,0,0,0,https://letterboxd.com/nichtlegacy/film/bill-teds-excellent-adventure/,,bill-teds-excellent-adventure,film:50894,28oI
2025-01-06,The Other Guys,2010,3.5,0,0,0,https://letterboxd.com/nichtlegacy/film/the-other-guys/,,the-other-guys,film:34394,1rtq
2025-01-06,Role Models,2008,3,0,0,0,https://letterboxd.com/nichtlegacy/film/role-models/,,role-models,film:42425,1MmK
2025-01-05,Half Baked,1998,3.5,1,0,0,https://letterboxd.com/nichtlegacy/film/half-baked/1/,,half-baked,film:47108,1Yy4
2025-01-05,Rush Hour,1998,2.5,0,0,0,https://letterboxd.com/nichtlegacy/film/rush-hour/,,rush-hour,film:50517,27pU
2025-01-04,Beerfest,2006,2.5,0,0,0,https://letterboxd.com/nichtlegacy/film/beerfest/,,beerfest,film:46653,1XmG
2025-01-03,The Prestige,2006,4.5,1,1,0,https://letterboxd.com/nichtlegacy/film/the-prestige/2/,,the-prestige,film:51147,293w
2025-01-03,Top Gun: Maverick,2022,5,0,1,0,https://letterboxd.com/nichtlegacy/film/top-gun-maverick/,,top-gun-maverick,film:293465,cjr4
2025-01-03,Idle Hands,1999,3,0,0,0,https://letterboxd.com/nichtlegacy/film/idle-hands/,,idle-hands,film:48259,21xI
2025-01-02,"Monsters, Inc.",2001,3.5,0,1,0,https://letterboxd.com/nichtlegacy/film/monsters-inc/,,monsters-inc,film:51535,2a46
2025-01-02,Bad Teacher,2011,1.5,0,0,0,https://letterboxd.com/nichtlegacy/film/bad-teacher/,,bad-teacher,film:13439,yXA
2024-12-31,There's Something About Mary,1998,3,0,0,0,https://letterboxd.com/nichtlegacy/film/theres-something-about-mary/,,theres-something-about-mary,film:51573,2aae
2024-12-30,Jay and Silent Bob Strike Back,2001,3,0,0,0,https://letterboxd.com/nichtlegacy/film/jay-and-silent-bob-strike-back/,,jay-and-silent-bob-strike-back,film:50355,26ZM
2024-12-29,Lethal Seduction,2015,1,0,0,0,https://letterboxd.com/nichtlegacy/film/lethal-seduction-2015/,,lethal-seduction-2015,film:278664,bGVO
2024-12-27,Smile 2,2024,3,0,0,0,https://letterboxd.com/nichtlegacy/film/smile-2-2024/,,smile-2-2024,film:992360,FDA4
2024-12-26,Smiley Face,2007,4,1,1,0,https://letterboxd.com/nichtlegacy/film/smiley-face/3/,,smiley-face,film:44082,1QG0
2024-12-26,Die Hard,1988,3.5,0,1,0,https://letterboxd.com/nichtlegacy/film/die-hard/,,die-hard,film:51556,2a7u
2024-12-24,Tenacious D in The Pick of Destiny,2006,3,0,0,0,https://letterboxd.com/nichtlegacy/film/tenacious-d-in-the-pick-of-destiny/,,tenacious-d-in-the-pick-of-destiny,film:50458,27go
2024-12-22,Super Troopers,2001,3,1,0,0,https://letterboxd.com/nichtlegacy/film/super-troopers/1/,,super-troopers,film:24933,12Rs
2024-12-22,The Nice Guys,2016,3,1,0,0,https://letterboxd.com/nichtlegacy/film/the-nice-guys/1/,,the-nice-guys,film:216301,94Hg
2024-12-21,The Big Lebowski,1998,4.5,1,1,0,https://letterboxd.com/nichtlegacy/film/the-big-lebowski/1/,,the-big-lebowski,film:51935,2b6C
2024-12-21,Horrible Bosses,2011,2,0,0,0,https://letterboxd.com/nichtlegacy/film/horrible-bosses/,,horrible-bosses,film:14285,Ba2
2024-12-20,Zoolander 2,2016,2.5,0,0,0,https://letterboxd.com/nichtlegacy/film/zoolander-2/,,zoolander-2,film:257397,aNBE
2024-12-19,National Treasure: Book of Secrets,2007,3,0,0,0,https://letterboxd.com/nichtlegacy/film/national-treasure-book-of-secrets/,,national-treasure-book-of-secrets,film:48220,21rq
2024-12-15,Harry Potter and the Goblet of Fire,2005,4,0,1,0,https://letterboxd.com/nichtlegacy/film/harry-potter-and-the-goblet-of-fire/,,harry-potter-and-the-goblet-of-fire,film:51450,29Qo
2024-12-14,Palm Springs,2020,3,0,0,0,https://letterboxd.com/nichtlegacy/film/palm-springs-2020/,,palm-springs-2020,film:515467,lCXQ
2024-12-14,Carry-On,2024,3,0,0,0,https://letterboxd.com/nichtlegacy/film/carry-on-2024/,,carry-on-2024,film:905876,C0B2
2024-12-13,Jobs,2013,3.5,0,0,0,https://letterboxd.com/nichtlegacy/film/jobs/,,jobs,film:91952,3RcY
2024-12-11,Suck Me Shakespeer,2013,2.5,0,0,0,https://letterboxd.com/nichtlegacy/film/suck-me-shakespeer/,,suck-me-shakespeer,film:163417,6R7A
2024-12-11,Youth in Revolt,2009,2,0,0,0,https://letterboxd.com/nichtlegacy/film/youth-in-revolt/,,youth-in-revolt,film:37957,1AK6
2024-12-09,Jackass Forever,2022,3.5,0,0,0,https://letterboxd.com/nichtlegacy/film/jackass-forever/,,jackass-forever,film:581946,opUg
2024-12-06,Being John Malkovich,1999,3,0,0,0,https://letterboxd.com/nichtlegacy/film/being-john-malkovich/,,being-john-malkovich,film:51618,2ahu
2024-12-05,The Girl Next Door,2004,2,0,0,0,https://letterboxd.com/nichtlegacy/film/the-girl-next-door-2004/,,the-girl-next-door-2004,film:46081,1VSq
2024-12-05,Meet the Spartans,2008,2.5,0,0,0,https://letterboxd.com/nichtlegacy/film/meet-the-spartans/,,meet-the-spartans,film:48074,213S
2024-12-04,Scary Movie 3,2003,2,0,0,0,https://letterboxd.com/nichtlegacy/film/scary-movie-3/,,scary-movie-3,film:49434,24Be
2024-12-04,Strange Wilderness,2008,3,0,0,0,https://letterboxd.com/nichtlegacy/film/strange-wilderness/,,strange-wilderness,film:43253,1Owi
2024-12-03,Wet Hot American Summer,2001,2.5,0,0,0,https://letterboxd.com/nichtlegacy/film/wet-hot-american-summer/,,wet-hot-american-summer,film:50465,27hw
2024-12-03,Good Burger,1997,3.5,0,0,0,https://letterboxd.com/nichtlegacy/film/good-burger/,,good-burger,film:42794,1Nkg
2024-12-01,"Dude, Where's My Car?",2000,3,0,0,0,https://letterboxd.com/nichtlegacy/film/dude-wheres-my-car/,,dude-wheres-my-car,film:47562,1ZJi
2024-11-30,Super Troopers,2001,3,0,0,0,https://letterboxd.com/nichtlegacy/film/super-troopers/,,super-troopers,film:24933,12Rs
2024-11-28,Dumb and Dumber,1994,3.5,0,0,0,https://letterboxd.com/nichtlegacy/film/dumb-and-dumber/,,dumb-and-dumber,film:47705,206m
2024-11-27,Hall Pass,2011,3,0,0,0,https://letterboxd.com/nichtlegacy/film/hall-pass/,,hall-pass,film:16583,H8G
2024-11-27,Smiley Face,2007,4,1,1,0,https://letterboxd.com/nichtlegacy/film/smiley-face/2/,,smiley-face,film:44082,1QG0
2024-11-27,Your Highness,2011,2,0,0,0,https://letterboxd.com/nichtlegacy/film/your-highness/,,your-highness,film:26239,16g6
2024-11-25,Inherent Vice,2014,3,0,0,0,https://letterboxd.com/nichtlegacy/film/inherent-vice/,,inherent-vice,film:125830,5hla
2024-11-24,Harry Potter and the Prisoner of Azkaban,2004,4,0,1,0,https://letterboxd.com/nichtlegacy/film/harry-potter-and-the-prisoner-of-azkaban/,,harry-potter-and-the-prisoner-of-azkaban,film:51451,29Qy
2024-11-23,Zoolander,2001,3.5,0,0,0,https://letterboxd.com/nichtlegacy/film/zoolander/,,zoolander,film:47198,1YMA
2024-11-21,Grandma's Boy,2006,3.5,0,0,0,https://letterboxd.com/nichtlegacy/film/grandmas-boy-2006/,,grandmas-boy-2006,film:46734,1XzK
2024-11-20,The Nice Guys,2016,3,0,0,0,https://letterboxd.com/nichtlegacy/film/the-nice-guys/,,the-nice-guys,film:216301,94Hg
2024-11-19,High School,2010,2,0,0,0,https://letterboxd.com/nichtlegacy/film/high-school-2010/,,high-school-2010,film:34391,1rsW
2024-11-19,American Pie Presents: The Book of Love,2009,2.5,0,0,0,https://letterboxd.com/nichtlegacy/film/american-pie-presents-the-book-of-love/,,american-pie-presents-the-book-of-love,film:35567,1uwC
2024-11-18,American Pie Presents: Beta House,2007,2.5,0,0,0,https://letterboxd.com/nichtlegacy/film/american-pie-presents-beta-house/,,american-pie-presents-beta-house,film:47829,20qm
2024-11-18,American Pie Presents: The Naked Mile,2006,2.5,0,0,0,https://letterboxd.com/nichtlegacy/film/american-pie-presents-the-naked-mile/,,american-pie-presents-the-naked-mile,film:47831,20qG
2024-11-17,Harry Potter and the Chamber of Secrets,2002,4,0,1,0,https://letterboxd.com/nichtlegacy/film/harry-potter-and-the-chamber-of-secrets/,,harry-potter-and-the-chamber-of-secrets,film:51452,29QI
2024-11-15,The Number 23,2007,3,0,0,0,https://letterboxd.com/nichtlegacy/film/the-number-23/,,the-number-23,film:49641,258C
2024-11-13,Burn After Reading,2008,3,0,0,0,https://letterboxd.com/nichtlegacy/film/burn-after-reading/,,burn-after-reading,film:49054,23BW
2024-11-06,Wedding Crashers,2005,2,0,0,0,https://letterboxd.com/nichtlegacy/film/wedding-crashers/,,wedding-crashers,film:47078,1Yte
2024-11-06,Taken 2,2012,3,0,0,0,https://letterboxd.com/nichtlegacy/film/taken-2/,,taken-2,film:69169,2TWi
2024-11-05,Old School,2003,2.5,0,0,0,https://letterboxd.com/nichtlegacy/film/old-school/,,old-school,film:45116,1TmM
2024-11-04,Taken,2008,4,0,1,0,https://letterboxd.com/nichtlegacy/film/taken/,,taken,film:47648,1ZXa
2024-11-04,Knocked Up,2007,3,0,0,0,https://letterboxd.com/nichtlegacy/film/knocked-up/,,knocked-up,film:49035,23yS
2024-11-03,Dawn of the Dead,2004,3,0,0,0,https://letterboxd.com/nichtlegacy/film/dawn-of-the-dead-2004/,,dawn-of-the-dead-2004,film:51229,29gK
2024-11-03,Harry Potter and the Philosopher's Stone,2001,4,0,1,0,https://letterboxd.com/nichtlegacy/film/harry-potter-and-the-philosophers-stone/,,harry-potter-and-the-philosophers-stone,film:51453,29QS
2024-11-03,White Chicks,2004,3.5,0,0,0,https://letterboxd.com/nichtlegacy/film/white-chicks/,,white-chicks,film:44750,1SpK
2024-11-03,Blood and Bone,2009,2.5,0,0,0,https://letterboxd.com/nichtlegacy/film/blood-and-bone/,,blood-and-bone,film:38041,1AXE
2024-11-01,Harry Potter 20th Anniversary: Return to Hogwarts,2022,4,0,0,0,https://letterboxd.com/nichtlegacy/film/harry-potter-20th-anniversary-return-to-hogwarts/,,harry-potter-20th-anniversary-return-to-hogwarts,film:809443,xXJk
2024-10-31,Friday the 13th,2009,1.5,0,0,0,https://letterboxd.com/nichtlegacy/film/friday-the-13th-2009/,,friday-the-13th-2009,film:44048,1QAw
2024-10-31,The Thing,1982,3,0,0,0,https://letterboxd.com/nichtlegacy/film/the-thing/,,the-thing,film:51155,294O
2024-10-31,Terrifier 3,2024,3,0,0,0,https://letterboxd.com/nichtlegacy/film/terrifier-3/,,terrifier-3,film:932739,D8tM
2024-10-30,Half Baked,1998,3.5,0,0,0,https://letterboxd.com/nichtlegacy/film/half-baked/,,half-baked,film:47108,1Yy4
2024-10-30,Don't Be a Menace to South Central While Drinking Your Juice in the Hood,1996,4,0,1,0,https://letterboxd.com/nichtlegacy/film/dont-be-a-menace-to-south-central-while-drinking-your-juice-in-the-hood/,,dont-be-a-menace-to-south-central-while-drinking-your-juice-in-the-hood,film:46067,1VQa
2024-10-29,Scary Movie 2,2001,3.5,0,0,0,https://letterboxd.com/nichtlegacy/film/scary-movie-2/,,scary-movie-2,film:49442,24Cw
2024-10-29,Scary Movie,2000,3,1,1,0,https://letterboxd.com/nichtlegacy/film/scary-movie-2000/,,scary-movie-2000,film:49443,24CG
2024-10-28,Scream 3,2000,3,0,0,0,https://letterboxd.com/nichtlegacy/film/scream-3/,,scream-3,film:49453,24Ei
2024-10-28,Scream 2,1997,2.5,0,0,0,https://letterboxd.com/nichtlegacy/film/scream-2/,,scream-2,film:49454,24Es
2024-10-27,Undisputed,2002,2.5,0,0,0,https://letterboxd.com/nichtlegacy/film/undisputed/,,undisputed,film:42620,1MSc
2024-10-25,Scream,1996,4,0,0,0,https://letterboxd.com/nichtlegacy/film/scream/,,scream,film:49455,24EC
2024-10-25,The World's End,2013,3,1,0,0,https://letterboxd.com/nichtlegacy/film/the-worlds-end/1/,,the-worlds-end,film:86991,3EiO
2024-10-24,Hot Fuzz,2007,3.5,1,0,0,https://letterboxd.com/nichtlegacy/film/hot-fuzz/,,hot-fuzz,film:49210,2416
2024-10-23,Road Trip: Beer Pong,2009,2.5,0,0,0,https://letterboxd.com/nichtlegacy/film/road-trip-beer-pong/,,road-trip-beer-pong,film:38896,1Dby
2024-10-23,Shaun of the Dead,2004,3.5,0,0,0,https://letterboxd.com/nichtlegacy/film/shaun-of-the-dead/,,shaun-of-the-dead,film:51405,29J8
2024-10-22,Road Trip,2000,3.5,0,0,0,https://letterboxd.com/nichtlegacy/film/road-trip/,,road-trip,film:47307,1Z4a
2024-10-21,It Chapter Two,2019,3,0,0,0,https://letterboxd.com/nichtlegacy/film/it-chapter-two/,,it-chapter-two,film:405545,h10u
2024-10-20,EuroTrip,2004,4,0,0,0,https://letterboxd.com/nichtlegacy/film/eurotrip/,,eurotrip,film:47243,1YTQ
2024-10-19,Get Smart,2008,3.5,0,0,0,https://letterboxd.com/nichtlegacy/film/get-smart/,,get-smart,film:45088,1Tig
2024-10-17,It,2017,3,0,1,0,https://letterboxd.com/nichtlegacy/film/it-2017/,,it-2017,film:276819,bC8e
2024-10-17,The Prestige,2006,4.5,1,1,0,https://letterboxd.com/nichtlegacy/film/the-prestige/1/,,the-prestige,film:51147,293w
2024-10-14,Halloween,2007,3.5,0,0,0,https://letterboxd.com/nichtlegacy/film/halloween/,,halloween,film:50543,27u6
2024-10-14,Green Street Hooligans 2,2009,2.5,0,0,0,https://letterboxd.com/nichtlegacy/film/green-street-hooligans-2/,,green-street-hooligans-2,film:42085,1LtU
2024-10-14,Four Lions,2010,4,1,0,0,https://letterboxd.com/nichtlegacy/film/four-lions/,,four-lions,film:26991,18do
2024-10-13,Terrifier 2,2022,3.5,0,0,0,https://letterboxd.com/nichtlegacy/film/terrifier-2/,,terrifier-2,film:588907,oI10
2024-10-12,Terrifier,2016,2.5,1,0,0,https://letterboxd.com/nichtlegacy/film/terrifier-2016/,,terrifier-2016,film:354251,eRzg
2024-10-12,Logan Lucky,2017,3,0,0,0,https://letterboxd.com/nichtlegacy/film/logan-lucky/,,logan-lucky,film:333445,dZrs
2024-10-10,21,2008,4,1,0,0,https://letterboxd.com/nichtlegacy/film/21/,,21,film:47900,20BO
2024-10-08,Smile,2022,2,0,0,0,https://letterboxd.com/nichtlegacy/film/smile-2022/,,smile-2022,film:793883,xjfE
2024-10-04,The Sitter,2011,4,0,0,0,https://letterboxd.com/nichtlegacy/film/the-sitter/,,the-sitter,film:8732,mIo
2024-10-03,Deadpool & Wolverine,2024,4,0,0,0,https://letterboxd.com/nichtlegacy/film/deadpool-wolverine/,,deadpool-wolverine,film:462870,jq8s
2024-09-27,Kick-Ass,2010,3.5,0,0,0,https://letterboxd.com/nichtlegacy/film/kick-ass/,,kick-ass,film:37354,1zaQ
2024-09-26,Neighbors 2: Sorority Rising,2016,3,0,0,0,https://letterboxd.com/nichtlegacy/film/neighbors-2-sorority-rising/,,neighbors-2-sorority-rising,film:252216,aA80
2024-09-25,Neighbors,2014,3.5,0,0,0,https://letterboxd.com/nichtlegacy/film/neighbors-2014/,,neighbors-2014,film:140512,5Txe
2024-09-22,Smiley Face,2007,4,1,1,0,https://letterboxd.com/nichtlegacy/film/smiley-face/1/,,smiley-face,film:44082,1QG0
2024-09-21,Pulp Fiction,1994,4,0,1,0,https://letterboxd.com/nichtlegacy/film/pulp-fiction/,,pulp-fiction,film:51444,29Pq
2024-09-19,Incoming,2024,3,0,0,0,https://letterboxd.com/nichtlegacy/film/incoming-2024/,,incoming-2024,film:908689,C7UK
2024-09-17,Late Night with the Devil,2023,4,0,1,0,https://letterboxd.com/nichtlegacy/film/late-night-with-the-devil/,,late-night-with-the-devil,film:843415,zo6G
2024-09-12,New Kids Turbo,2010,4,0,0,0,https://letterboxd.com/nichtlegacy/film/new-kids-turbo/,,new-kids-turbo,film:18828,MYM
2024-09-12,Furiosa: A Mad Max Saga,2024,4,0,1,0,https://letterboxd.com/nichtlegacy/film/furiosa-a-mad-max-saga/,,furiosa-a-mad-max-saga,film:705221,tABk
2024-09-07,Despicable Me 4,2024,4,0,0,0,https://letterboxd.com/nichtlegacy/film/despicable-me-4/,,despicable-me-4,film:448506,iOLG
2024-09-07,Adventureland,2009,3.5,0,0,0,https://letterboxd.com/nichtlegacy/film/adventureland/,,adventureland,film:41477,1JTQ
2024-09-02,Cats & Dogs,2001,4,0,0,0,https://letterboxd.com/nichtlegacy/film/cats-dogs/,,cats-dogs,film:45709,1UUq
2024-08-30,The World's End,2013,4,0,0,0,https://letterboxd.com/nichtlegacy/film/the-worlds-end/,,the-worlds-end,film:86991,3EiO
2024-08-28,Evil Bong,2006,3,0,0,0,https://letterboxd.com/nichtlegacy/film/evil-bong/,,evil-bong,film:46558,1X7m
2024-08-24,21 Jump Street,2012,4,0,0,0,https://letterboxd.com/nichtlegacy/film/21-jump-street/,,21-jump-street,film:279,J0
2024-08-17,Going in Style,2017,3.5,0,0,0,https://letterboxd.com/nichtlegacy/film/going-in-style-2017/,,going-in-style-2017,film:283209,bSKS
2024-05-22,Cars 3,2017,3,0,0,0,https://letterboxd.com/nichtlegacy/film/cars-3/,,cars-3,film:184062,7IPq
2024-05-20,The Man from Earth,2007,5,0,1,0,https://letterboxd.com/nichtlegacy/film/the-man-from-earth/,,the-man-from-earth,film:43952,1Ql2
2024-05-18,Cars 2,2011,4,0,0,0,https://letterboxd.com/nichtlegacy/film/cars-2/,,cars-2,film:16560,H4Y
2024-05-15,Godzilla × Kong: The New Empire,2024,4,0,0,0,https://letterboxd.com/nichtlegacy/film/godzilla-kong-the-new-empire/,,godzilla-kong-the-new-empire,film:739522,v1PK
2024-05-13,Argylle,2024,3,0,0,0,https://letterboxd.com/nichtlegacy/film/argylle/,,argylle,film:763160,w1kk
2024-05-05,Angels & Demons,2009,4,0,0,0,https://letterboxd.com/nichtlegacy/film/angels-demons/,,angels-demons,film:43882,1Q9K
2024-05-04,Star Wars,1977,5,1,1,0,https://letterboxd.com/nichtlegacy/film/star-wars/,,star-wars,film:2706,72s
2024-05-03,The Da Vinci Code,2006,4,0,1,0,https://letterboxd.com/nichtlegacy/film/the-da-vinci-code/,,the-da-vinci-code,film:51530,2a3i
2024-05-02,Family Guy Presents: It's a Trap!,2010,4,0,0,0,https://letterboxd.com/nichtlegacy/film/family-guy-presents-its-a-trap/,,family-guy-presents-its-a-trap,film:202609,8v4S
2024-05-02,"Family Guy Presents: Something, Something, Something, Dark Side",2009,4,0,0,0,https://letterboxd.com/nichtlegacy/film/family-guy-presents-something-something-something-dark-side/,,family-guy-presents-something-something-something-dark-side,film:552318,naPy
2024-05-02,Family Guy Presents: Blue Harvest,2007,4,0,0,0,https://letterboxd.com/nichtlegacy/film/family-guy-presents-blue-harvest/,,family-guy-presents-blue-harvest,film:579105,oiw2
2024-05-01,The Big Lebowski,1998,4.5,0,1,0,https://letterboxd.com/nichtlegacy/film/the-big-lebowski/,,the-big-lebowski,film:51935,2b6C
2024-05-01,The Family Plan,2023,3,0,0,0,https://letterboxd.com/nichtlegacy/film/the-family-plan/,,the-family-plan,film:928117,CWsi
2024-04-30,Ted 2,2015,4,0,0,0,https://letterboxd.com/nichtlegacy/film/ted-2/,,ted-2,film:152464,6oCY
2024-04-29,Deadpool 2,2018,3.5,0,0,0,https://letterboxd.com/nichtlegacy/film/deadpool-2/,,deadpool-2,film:318195,dlLM
2024-04-28,The Founder,2016,3,0,0,0,https://letterboxd.com/nichtlegacy/film/the-founder/,,the-founder,film:237378,9XwM
2024-04-28,The Rock,1996,3,0,0,0,https://letterboxd.com/nichtlegacy/film/the-rock/,,the-rock,film:46810,1XM0
2024-04-27,Deadpool,2016,4,1,0,0,https://letterboxd.com/nichtlegacy/film/deadpool/,,deadpool,film:220575,9fOC
2024-04-26,Bullyparade: The Movie,2017,3.5,0,0,0,https://letterboxd.com/nichtlegacy/film/bullyparade-the-movie/,,bullyparade-the-movie,film:328068,dLsc
2024-04-26,Smiley Face,2007,4,0,1,0,https://letterboxd.com/nichtlegacy/film/smiley-face/,,smiley-face,film:44082,1QG0
2024-04-26,Jackass 4.5,2022,4,1,0,0,https://letterboxd.com/nichtlegacy/film/jackass-45/,,jackass-45,film:744926,vfTm
2024-04-26,Ted,2012,4,1,1,0,https://letterboxd.com/nichtlegacy/film/ted/,,ted,film:57376,2pgc
2024-04-23,The Hangover Part II,2011,3.5,0,0,0,https://letterboxd.com/nichtlegacy/film/the-hangover-part-ii/,,the-hangover-part-ii,film:19987,PZI
2024-04-22,The Prestige,2006,4.5,0,1,0,https://letterboxd.com/nichtlegacy/film/the-prestige/,,the-prestige,film:51147,293w
2024-04-22,The 40 Year Old Virgin,2005,3,0,0,0,https://letterboxd.com/nichtlegacy/film/the-40-year-old-virgin/,,the-40-year-old-virgin,film:48160,21hK
2024-04-21,The Beekeeper,2024,3.5,0,0,0,https://letterboxd.com/nichtlegacy/film/the-beekeeper-2024/,,the-beekeeper-2024,film:780170,wJzS
2024-04-19,Guardians of the Galaxy Vol. 3,2023,4.5,0,1,0,https://letterboxd.com/nichtlegacy/film/guardians-of-the-galaxy-vol-3/,,guardians-of-the-galaxy-vol-3,film:379711,fVNI
2024-04-18,Anyone But You,2023,2.5,0,0,0,https://letterboxd.com/nichtlegacy/film/anyone-but-you/,,anyone-but-you,film:966990,EzA8
2024-04-14,Guardians of the Galaxy Vol. 2,2017,4,0,0,0,https://letterboxd.com/nichtlegacy/film/guardians-of-the-galaxy-vol-2/,,guardians-of-the-galaxy-vol-2,film:209322,8MxC
2024-04-12,Sherlock Holmes,2009,3.5,0,0,0,https://letterboxd.com/nichtlegacy/film/sherlock-holmes-2009/,,sherlock-holmes-2009,film:46144,1W2A
2024-04-07,Guardians of the Galaxy,2014,4,1,1,0,https://letterboxd.com/nichtlegacy/film/guardians-of-the-galaxy/,,guardians-of-the-galaxy,film:93676,3VH2
2024-04-06,57 Seconds,2023,3,0,0,0,https://letterboxd.com/nichtlegacy/film/57-seconds/,,57-seconds,film:842220,zkZW
2024-04-02,The Hangover,2009,4,1,1,0,https://letterboxd.com/nichtlegacy/film/the-hangover/,,the-hangover,film:40100,1GjK
2024-03-31,Ricky Stanicky,2024,3.5,0,0,0,https://letterboxd.com/nichtlegacy/film/ricky-stanicky/,,ricky-stanicky,film:921527,CFjo
2024-03-29,I Now Pronounce You Chuck & Larry,2007,4,0,0,0,https://letterboxd.com/nichtlegacy/film/i-now-pronounce-you-chuck-larry/,,i-now-pronounce-you-chuck-larry,film:49666,25cE
2024-03-28,Superbad,2007,4.5,1,1,0,https://letterboxd.com/nichtlegacy/film/superbad/,,superbad,film:47776,20hO
2024-03-27,No Country for Old Men,2007,3.5,0,0,0,https://letterboxd.com/nichtlegacy/film/no-country-for-old-men/,,no-country-for-old-men,film:48140,21ew
2024-03-24,Road House,2024,3.5,0,0,0,https://letterboxd.com/nichtlegacy/film/road-house-2024/,,road-house-2024,film:291213,cdzQ
2024-03-23,Dune: Part Two,2024,4.5,0,1,0,https://letterboxd.com/nichtlegacy/film/dune-part-two/,,dune-part-two,film:617443,pUfA
2024-03-20,Ready Player One,2018,5,1,1,0,https://letterboxd.com/nichtlegacy/film/ready-player-one/,,ready-player-one,film:261866,aZes
2024-02-22,Dune,2021,4.5,0,1,0,https://letterboxd.com/nichtlegacy/film/dune-2021/,,dune-2021,film:371378,fA7G
